Row,Source Name,RA J2000 Degs,Dec J2000 Degs,Alternate Name,Source Type,Today#,Yesterday#,Tenday#,Mean*,Peak*,Days*,Last Day*
1,QSO B0003-066,1.55789,-6.39315,NRAO 005,BL Lac,-,-,-,-,-,-,-
2,PSR J0007+7303,1.75600,73.0520,0FGL J0007.4+7303,Pulsar,-,-,-,0,62,4,58107 ( 2074)
3,QSO B0007+107,2.62919,10.9749,Mrk 1501,Sy1,-,-,-,0,0,1,1 (    0)
4,QSO B0016+73,4.94078,73.4583,,Quasar,-,-,-,0,0,3,1 (    0)
5,IGR J00234+6141,5.74000,61.6850,V1033 Cas,CV,-,-,-,0,0,5,1 (    0)
6,NGC 104,6.02400,72.0810,0FGL J0025.1-7202,Globular cluster,-,-,-,-,-,-,-
7,V709 Cas,7.20362,59.2894,RX J0028.8+5917,CV/DQ Her,-,-,-,4,32,14,53785 ( 6396)
8,IGR J00291+5934,7.26300,59.5720,IGR00291+5934,LMXB,-,-,-,0,54,12,57228 ( 2953)
9,PSR J0030+0451,7.61400,4.86100,0FGL J0030.3+0450,Pulsar,-,-,-,0,0,1,1 (    0)
10,2CG 121+04,8.00000,66.8000,1CG 121+03,Gamma-ray source,-,-,10 ( 3.4),0,0,1,1 (    0)
11,KUV 00311-1938,8.39300,-19.3590,0FGL J0033.6-1921,BL Lac,-,24 ( 2.2),-,-,-,-,-
12,V826 Cas,8.76146,61.3173,,Variable star,41 ( 2.5),-,7 ( 2.4),0,0,1,1 (    0)
13,QSO B0033+595,8.96929,59.8346,1ES 0033+595,BL Lac,-,-,-,2,31,15,56554 ( 3627)
14,IGR J00370+6122,9.29000,61.3600,BD +60 73,HMXB/NS,-,-,-,0,41,28,54553 ( 5628)
15,CXOM31 004211.37+41042551,10.5470,41.0740,NULL,NULL,-,-,-,0,0,4,1 (    0)
16,NGC 235,10.7200,-23.5410,NULL,Sy1,-,25 ( 2.4),10 ( 2.5),1,0,1,1 (    0)
17,Zeta And,11.8346,24.2672,NULL,Beta Lyra binary,-,-,14 ( 3.1),0,43,3,53785 ( 6396)
18,NGC 253,11.9000,-25.2830,,Sy,-,-,-,-,-,-,-
19,NGC 262,12.1964,31.9570,Mrk 348,Sy2,-,-,14 ( 3.4),5,0,14,1 (    0)
20,XTE J0055-727,12.2980,-72.8270,MACHO 208.15911.13,HMXB,-,-,-,0,0,1,1 (    0)
21,QSO B0048-09,12.6722,-9.48478,,BL Lac,-,-,-,-,-,-,-
22,PKS 0048-071,12.7840,-6.83400,0FGL J0051.1-0647,Quasar,-,-,-,-,-,-,-
23,Mrk 1148,12.9780,17.4330,NULL,Sy1,-,-,-,-,-,-,-
24,SMC X-3,13.0250,-72.4330,,HMXB,-,-,-,1,100,64,57629 ( 2552)
25,RX J0052.1-7319,13.0921,-73.3181,2E 0050.4-733,HMXB,-,-,-,0,0,4,1 (    0)
26,CF Tuc,13.2825,-74.6517,NULL,RS CVn,-,-,-,0,155,6,60036 (  145)
27,SMC X-2,13.6508,-73.6760,NULL,NULL,-,-,-,0,31,14,57292 ( 2889)
28,Gam Cas,14.1772,60.7167,4U 0054+60,Star/Be,-,-,6 ( 2.1),5,65,20,53806 ( 6375)
29,IGR J00569-7226,14.2600,-72.4320,NULL,NULL,-,-,4 ( 2.1),-,-,-,-
30,RX J0059.2-7138,14.8030,-71.6460,NULL,NULL,-,-,-,0,0,15,1 (    0)
31,PMN J0100+0745,15.0860,7.76300,0FGL J0100.2+0750,Radio source,-,-,-,0,0,2,1 (    0)
32,RX J0101.8-7223,15.4680,-72.3910,NULL,HMXB,-,-,-,0,0,1,1 (    0)
33,7C 0059+5808,15.6907,58.4031,,Blazar,-,-,-,0,0,3,1 (    0)
34,IGR J01054-7253,16.1760,-72.9010,NULL,HMXB/NS,-,-,-,0,0,2,1 (    0)
35,4C 01.02,17.1615,1.58342,,Quasar,-,-,-,0,0,3,1 (    0)
36,Fermi J0109+6134,17.4450,61.5580,NULL,Gamma-ray source,-,22 ( 2.0),7 ( 2.2),0,0,4,1 (    0)
37,QSO B0109+224,18.0243,22.7441,,BL Lac,-,-,-,-,-,-,-
38,4C 31.03,18.2100,32.1380,NULL,Quasar,-,32 ( 2.0),-,0,0,2,1 (    0)
39,NGC 454,18.5955,-55.3988,SWIFT J0114.4-5522,Sy2,-,-,-,-,-,-,-
40,AY Cet,19.1513,-2.50028,NULL,Binary,-,-,-,-,-,-,-
41,UV Psc,19.2296,6.81167,NULL,Beta Lyra binary,-,-,-,-,-,-,-
42,SMC X-1,19.2710,-73.4430,4U 0115-73,HMXB/NS,53 ( 2.6),82 ( 9.1),54 (25.2),26,93,2429,56027 ( 4154)
43,3A 0114+650,19.5112,65.2916,V662 Cas,HMXB/NS,-,-,-,7,134,399,54490 ( 5691)
44,4U 0115+634,19.6290,63.7400,V635 Cas,HMXB/NS,-,-,-,1,2119,176,60042 (  139)
45,PKS 0116-219,19.7380,-21.6920,0FGL J0118.7-2139,Quasar,-,-,-,-,-,-,-
46,PKS 0118-272,20.1320,-27.0230,0FGL J0120.5-2703,BL Lac,-,-,-,0,0,1,1 (    0)
47,IGR J01217-7257,20.4190,-72.9560,NULL,NULL,-,-,-,-,-,-,-
48,QSO B0119+115,20.4233,11.8307,,Quasar,-,-,-,0,0,1,1 (    0)
49,HD 8357,20.7367,7.41917,1H 0123+075,X-ray binary,-,-,-,0,63,3,53784 ( 6397)
50,1ES 0120+34.0,20.7860,34.3480,2E 0120.3+3404,BL Lac,-,-,10 ( 2.5),-,-,-,-
51,QSO B0121-590,20.9417,-58.8066,Fairall 9,Sy1,-,-,5 ( 2.3),1,0,4,1 (    0)
52,NGC 526,20.9758,-35.0653,,Sy1.5,-,-,-,3,0,5,1 (    0)
53,NGC 612,23.4904,-36.4930,,Radio galaxy,-,-,10 ( 3.5),1,0,2,1 (    0)
54,IGR J01363+6610,24.0750,66.1750,[KRL2007b] 14,HMXB,-,-,12 ( 4.1),0,0,4,1 (    0)
55,RGB J0136+391,24.1360,39.1000,B3 0133+388,BL Lac,-,30 ( 2.1),-,0,0,4,1 (    0)
56,QSO B0133+476,24.2441,47.8581,DA 55,Quasar,-,-,-,0,0,4,1 (    0)
57,ESO 297- 18,24.6549,-40.0113,,Sy2,-,-,-,2,0,1,1 (    0)
58,UV Cet,24.7563,-17.9506,NULL,Flare star,-,-,-,0,0,3,1 (    0)
59,TXS 0141+268,26.1370,27.0920,0FGL J0144.5+2709,Gamma-ray source,-,-,-,0,0,1,1 (    0)
60,PKS 0142-278,26.2640,-27.5600,0FGL J0145.1-2728,Quasar,-,-,-,0,0,1,1 (    0)
61,PSR J0146+61,26.5934,61.7509,,AXP,-,-,-,1,0,2,1 (    0)
62,RX J0146.9+6121,26.7510,61.3570,NULL,NULL,-,-,6 ( 2.2),2,57,9,59838 (  343)
63,RGB J0152+017,28.1660,1.78900,2MASX J01523964+0147167,BL Lac,-,-,-,0,38,2,53784 ( 6397)
64,IGR J01572-7259,29.3170,-72.9760,NULL,NULL,-,-,-,1,0,1,1 (    0)
65,MAXI J0158-744,29.8580,-74.2570,NULL,NULL,-,-,4 ( 2.2),0,0,1,1 (    0)
66,NGC 788,30.2769,-6.81586,,Sy2,-,-,-,2,31,3,53784 ( 6397)
67,QSO B0202+149,31.2000,15.2330,4C 15.05,Blazar,-,-,-,0,0,1,1 (    0)
68,PKS 0202-17,31.2400,-17.0220,0FGL J0204.8-1704,Quasar,-,-,-,-,-,-,-
69,QSO B0202+319,31.2705,32.2084,,Quasar,-,-,-,0,0,1,1 (    0)
70,QSO J0209+5226,32.3930,52.4430,Leda 138501,Sy1,-,-,-,2,0,3,1 (    0)
71,RX J0209.6-7427,32.3939,-74.4533,NULL,NULL,-,-,-,6,101,41,58826 ( 1355)
72,QSO B0208-5115,32.6920,-51.0170,NULL,BL Lac,-,-,-,0,0,1,1 (    0)
73,RGB J0214+517,33.5751,51.7478,2MASX J02141794+5144520,BL Lac,-,-,-,0,0,1,1 (    0)
74,NGC 863,33.6400,-0.766750,Mrk 590,Sy1.2,-,-,-,-,-,-,-
75,QSO B0212+735,34.3784,73.8257,QSO J0217+7349,BL Lac,-,-,-,0,0,1,1 (    0)
76,QSO J0217+0144,34.4540,1.74714,,Quasar,-,-,-,0,0,1,1 (    0)
77,QSO J0221+3556,35.2720,35.9370,0FGL J0220.9+3607,Quasar,-,-,-,0,0,2,1 (    0)
78,3C 66A,35.6651,43.0355,,BL Lac,-,-,8 ( 2.5),0,0,1,1 (    0)
79,RGB J0227+020,36.8191,2.03300,RBS 0319,BL Lac,-,-,-,0,0,1,1 (    0)
80,NGC 931,37.0608,31.3109,,Sy1.5,-,-,10 ( 2.5),2,0,6,1 (    0)
81,4C 67.05,37.2085,67.3508,4C +67.05,Blazar,-,-,8 ( 2.7),-,-,-,-
82,PKS 0227-369,37.3680,-36.7320,0FGL J0229.5-3640,Quasar,-,-,-,-,-,-,-
83,QSO B0229+200,38.2025,20.2881,1ES 0229+200,BL Lac,-,-,-,0,0,3,1 (    0)
84,CC Eri,38.5940,-43.7960,NULL,BY Dra variable,-,-,-,0,0,1,1 (    0)
85,NGC 985,38.6574,-8.78761,,Sy1,-,-,-,1,40,2,53784 ( 6397)
86,ESO 416- 2,38.8058,-29.6047,,Sy1.9,-,-,-,0,0,1,1 (    0)
87,PKS 0235-618,39.2220,-61.6040,QSO B0235-618,Quasar,-,-,-,0,0,1,1 (    0)
88,4C 28.07,39.4684,28.8025,CTD 20,Quasar,-,-,-,0,0,2,1 (    0)
89,ESO 198- 24,39.5817,-52.1928,,Sy1,-,21 ( 2.2),9 ( 4.1),0,0,1,1 (    0)
90,AO 0235+16,39.6622,16.6165,QSO B0235+16,BL Lac,-,-,-,0,0,1,1 (    0)
91,LSI+61 303,40.1319,61.2293,V615 Cas,HMXB,-,-,-,1,0,2,1 (    0)
92,QSO B0238-084,40.2700,-8.25576,NGC 1052,Sy2,-,-,-,-,-,-,-
93,Swift J0243.6+6124,40.9186,61.4323,NULL,NULL,343 (16.9),380 (21.7),458 (77.7),18,8470,416,58064 ( 2117)
94,QSO B0241+62,41.2404,62.4685,87GB 024100.7+621529,Sy1,-,-,-,3,56,12,53785 ( 6396)
95,PKS 0244-470,41.5000,-46.8550,0FGL J0245.6-4656,Radio galaxy,-,-,-,-,-,-,-
96,VY Ari,42.1821,31.1153,NULL,RS CVn variable,-,-,-,0,0,4,1 (    0)
97,RZ Cas,42.2313,69.6342,NULL,Algol type binary,-,-,-,-,-,-,-
98,PKS 0250-225,43.1990,-22.3240,CGRaBS J0252-2219,Quasar,-,-,-,-,-,-,-
99,NGC 1142,43.8013,-0.183806,,Sy2,-,-,-,1,0,1,1 (    0)
100,XY Ari,44.0340,19.4430,2E 0253.3+1914,CV/DQ Her,-,-,-,1,0,2,1 (    0)
101,PKS 0301-243,45.8600,-24.1200,0FGL J0303.7-2410,BL Lac,-,-,-,0,0,5,1 (    0)
102,4C 47.08,45.8968,47.2712,4C +47.08,BL Lac,-,-,-,0,0,3,1 (    0)
103,Algol,47.0421,40.9556,bet Per,Algol type binary,-,-,-,0,0,7,1 (    0)
104,LX Per,48.3433,48.1086,HD 21242,RS CVn variable,-,-,8 ( 2.5),0,76,3,59825 (  356)
105,RGB J0314+247,48.5117,24.7419,2MASX J03140275+2444334,Sy,-,-,-,-,-,-,-
106,IC 310,49.1790,41.3250,NULL,NULL,-,-,-,0,0,1,1 (    0)
107,NGC 1275,49.9500,41.5120,3C 84,Sy2,-,-,-,4,0,13,1 (    0)
108,QSO B0317+183,49.9660,18.7590,NULL,BL Lac,-,-,-,0,0,2,1 (    0)
109,SN 2006dd,50.6740,-37.2040,,SN,-,-,-,0,0,3,1 (    0)
110,RGB J0324.7+3410,51.1715,34.1794,B2 0321+33,Sy1,-,-,-,-,-,-,-
111,QSO B0323+022,51.5582,2.42075,1ES 0323+022,BL Lac,-,-,-,0,0,4,1 (    0)
112,UX Ari,51.6475,28.7150,NULL,RS CVn,-,-,-,0,47,8,56853 ( 3328)
113,GK Per,52.7992,43.9047,3A 0327+438,CV/DQ Her,-,-,-,3,56,151,55286 ( 4895)
114,NGC 1365,53.4013,-36.1408,,Sy1.8,-,-,-,2,81,8,53786 ( 6395)
115,PKS 0332-403,53.5570,-40.1400,0FGL J0334.1-4006,BL Lac,-,-,-,0,0,3,1 (    0)
116,UGC 2783,53.5770,39.3564,4C 39.12,Radio galaxy,-,-,-,0,0,3,1 (    0)
117,V0332+53,53.7500,53.1730,BQ Cam,HMXB/NS,-,-,-,2,1006,223,57235 ( 2946)
118,4C 32.14,54.1255,32.3082,NRAO 140,QSO,-,-,9 ( 2.0),1,0,2,1 (    0)
119,HR 1099,54.1971,0.587778,V711 Tau,RS CVn variable,-,-,-,0,0,2,1 (    0)
120,HD 22403,54.2958,25.9911,V837 Tau,BY Dra variable,-,-,-,-,-,-,-
121,QSO B0336-0156,54.8789,-1.77661,CTA 26,Quasar,-,-,-,0,0,2,1 (    0)
122,ESO 548- 81,55.5159,-21.2440,SWIFT J0342.0-2115,Sy1,-,-,-,-,-,-,-
123,QSO B0347-121,57.3467,-11.9908,RBS 0476,BL Lac,-,-,-,0,0,2,1 (    0)
124,PKS 0347-211,57.4910,-21.0470,0FGL J0349.8-2102,Quasar,-,-,12 ( 3.4),0,0,1,1 (    0)
125,X Per,58.8460,31.0460,4U 0352+309,HMXB/NS,-,-,12 ( 2.7),28,90,1686,55194 ( 4987)
126,YZ Ret,59.6231,-54.7781,NULL,NULL,-,-,-,-,-,-,-
127,IceCube-210922A,60.5221,-4.40780,NULL,NULL,-,-,-,-,-,-,-
128,NSV 1436,60.6580,42.8430,NULL,NULL,-,-,-,-,-,-,-
129,PKS 0402-362,60.9740,-36.0840,NULL,NULL,-,-,-,0,71,3,53784 ( 6397)
130,QSO B0403-132A,61.3917,-13.1371,,QSO,-,-,-,0,0,4,1 (    0)
131,PKS 0405-385,61.7460,-38.4410,0FGL J0407.6-3829,Quasar,-,-,-,-,-,-,-
132,EI Eri,62.4204,-7.89278,NULL,RS CVn variable,-,-,-,0,0,1,1 (    0)
133,QSO B0414+009,64.2208,1.08170,1ES 0414+009,BL Lac,-,-,-,0,0,1,1 (    0)
134,3C 111,64.5890,38.0270,ICRF J041821.2+380135,Sy1,-,-,-,4,0,3,1 (    0)
135,SGR 0418+5729,64.6060,57.4890,NULL,SGR,-,-,-,0,57,4,58105 ( 2076)
136,NGC 1566,65.0017,-54.9378,NULL,NULL,-,-,7 ( 2.9),-,-,-,-
137,GRO J0422+32,65.4250,32.9170,V518 Per,LMXB/BH,-,-,9 ( 2.0),0,0,4,1 (    0)
138,QSO J0423-0120,65.8158,-1.34252,QSO B0420-0127,Quasar,-,-,-,0,0,1,1 (    0)
139,QSO B0422+004,66.1952,0.601758,,BL Lac,-,-,-,0,32,2,53784 ( 6397)
140,1H 0419-577,66.5033,-57.2006,6dFGS gJ042600.7-571202,Sy1,-,-,-,1,0,3,1 (    0)
141,PKS 0426-380,67.1680,-37.9390,0FGL J0428.7-3755,BL Lac,-,-,-,-,-,-,-
142,3C 120,68.2960,5.35400,Mrk 1506,Sy1,-,-,-,3,0,3,1 (    0)
143,AT2019wey,68.8370,55.3740,NULL,NULL,-,36 ( 2.8),17 ( 5.3),41,141,348,60015 (  166)
144,HD 283750,69.2008,27.1322,V833 Tau,BY Dra variable,-,-,-,0,0,1,1 (    0)
145,GJ 3305,69.4062,-2.49111,2MASS J04373746-0229282,T Tauri star,-,-,-,0,0,2,1 (    0)
146,LSV+44 17,70.2470,44.5300,TYC 2905-121-1,HMXB/NS,-,-,-,1,2298,139,59976 (  205)
147,NRAO 190,70.6500,-0.283000,QSO B0440-003,Quasar,-,-,-,-,-,-,-
148,V392 Per,70.8390,47.3572,NULL,NULL,-,-,-,-,-,-,-
149,SWIFT J0444.1+2813,71.0375,28.2167,2MASX J04440903+2813003,Sy2,-,-,-,-,-,-,-
150,QSO B0446+113,72.2820,11.3579,,BL Lac,-,-,-,0,0,2,1 (    0)
151,PKS 0447-439,72.3530,-43.8360,0FGL J0449.7-4348,BL Lac,-,-,7 ( 2.4),0,0,3,1 (    0)
152,Swift J045106.8-694803,72.7780,-69.8010,Swift J0451.5-6949,LMC source,59 ( 2.5),-,-,-,-,-,-
153,MCG-01-13-025,72.9229,-3.80944,,Sy1.2,-,-,-,-,-,-,-
154,RX J0452.0+4932,73.0200,49.5460,1RXS J045205.0+493248,Sy1,-,-,-,1,0,3,1 (    0)
155,PKS 0454-234,74.2630,-23.4140,0FGL J0457.1-2325,Quasar,-,-,-,0,0,2,1 (    0)
156,YY Men,74.5746,-75.2772,NULL,Variable star,-,21 ( 2.0),-,-,-,-,-
157,SGR 0501+4516,75.2780,45.2762,1RXS J050107.9+451631,SGR,-,-,-,0,32,2,53784 ( 6397)
158,4C -02.19,75.3034,-1.98729,,Quasar,-,-,-,0,46,3,53784 ( 6397)
159,XSS J05054-2348,76.3500,-23.8000,Swift J0505.8-2351,Sy2 HII,-,-,-,1,75,5,53785 ( 6396)
160,QSO B0502+675,76.9846,67.6233,1ES 0502+675,QSO,-,-,-,-,-,-,-
161,TXS 0506+056,77.3582,5.69315,NULL,NULL,-,-,-,-,-,-,-
162,4U 0517+17,77.6896,16.4986,IRAS 050708+1626,Sy1.5,-,-,-,3,0,6,1 (    0)
163,SWIFT J0513.4-6547,78.3680,-65.7880,NULL,HMXB/NS,-,-,-,0,0,4,1 (    0)
164,4U 0513-40,78.5250,-40.0440,NGC 1851,LMXB/NS,-,-,-,2,0,1,1 (    0)
165,SWIFT J0515.3+1853,78.8320,18.9140,2MASX J05151978+1854515,Galaxy,-,-,-,1,0,1,1 (    0)
166,QSO B0513-002,79.0478,-0.150167,Ark 120,Sy1,-,-,-,2,0,1,1 (    0)
167,PKS 0516-621,79.1870,-62.1180,0FGL J0516.2-6200,Quasar,-,-,-,-,-,-,-
168,ESO 362- 18,79.8983,-32.6583,Swift J0501.9-3239,Sy1.5,-,-,-,2,0,2,1 (    0)
169,Pictor A,79.9570,-45.7790,NULL,Sy1/LINER,68 ( 2.2),-,15 ( 4.9),1,0,1,1 (    0)
170,LMC X-2,80.1168,-71.9648,4U 0520-72,LMXB,-,-,5 ( 2.1),-,-,-,-
171,RX J0520.5-6932,80.2200,-69.5790,NULL,NULL,-,-,-,1,39,32,56670 ( 3511)
172,VER J0521+211,80.4800,21.1900,NULL,Gamma-ray source,-,-,-,0,0,2,1 (    0)
173,QSO B0521-365,80.7416,-36.4586,PKS 0521-36,BL Lac,-,-,-,1,0,1,1 (    0)
174,SWIFT J052522.48+241331.8,81.3436,24.2255,Swift J0525.6+2416,CV,-,-,-,1,0,2,1 (    0)
175,SNR 0525-66.1,81.5040,-66.0770,N49,SNR,-,-,-,0,0,1,1 (    0)
176,AB Dor,82.1867,-65.4486,NULL,Variable star,-,-,-,0,0,1,1 (    0)
177,TV Col,82.3560,-32.8179,3A 0527-329,CV/DQ Her,-,-,-,3,56,7,59860 (  321)
178,Swift J053041.9-665426,82.6750,-66.9070,NULL,NULL,-,-,-,0,0,1,1 (    0)
179,PKS 0528+134,82.7350,13.5320,QSO J0530+13,FSRQ,-,-,-,0,0,4,1 (    0)
180,RX J0531.2-6607,82.8050,-66.1180,NULL,HMXB/NS,-,37 ( 2.5),-,0,0,2,1 (    0)
181,CRATES J0531-4827,82.9990,-48.4550,PMN J0531-4827,Radio source,-,-,-,0,0,2,1 (    0)
182,PMN J0532+0732,83.1625,7.54537,QSO B0529+075,Quasar,-,-,-,0,53,7,53784 ( 6397)
183,LMC X-4,83.2060,-66.3700,,HMXB/NS,79 ( 2.7),68 ( 5.6),16 ( 6.6),18,98,1572,57991 ( 2190)
184,QSO B0529+483,83.3161,48.3813,,Quasar,-,-,-,0,0,1,1 (    0)
185,Crab,83.6330,22.0150,M1,PSR/PWN,931 (22.4),956 (27.0),1016 (82.3),1000,5754,5632,60033 (  148)
186,SN 1987A,83.8750,-69.2670,,SN,-,-,-,0,0,2,1 (    0)
187,QSO B0537-441,84.7098,-44.0858,PKS 0537-441,Blazar,-,-,-,-,-,-,-
188,1A 0535+262,84.7250,26.3170,V725 Tau,HMXB/NS,-,-,-,9,11303,509,59172 ( 1009)
189,LMC X-3,84.7342,-64.0823,4U 0538-64,BH,-,-,6 ( 2.5),-,-,-,-
190,LMC X-1,84.9120,-69.7430,4U 0540-69,BH,-,-,-,1,0,2,1 (    0)
191,PSR B0540-69.3,85.0322,-69.3348,,Pulsar,-,-,-,1,0,6,1 (    0)
192,IGR J05414-6858,85.3580,-68.9730,,X-ray transient,-,-,-,0,0,1,1 (    0)
193,XMMU J054134.7-682550,85.3946,-68.4306,NULL,HMXB/NS,-,-,5 ( 2.0),0,52,15,54318 ( 5863)
194,BY Cam,85.7037,60.8588,,CV/AM Her,-,-,-,2,0,3,1 (    0)
195,TX Col,85.8343,-41.0320,,CV/DQ Her,-,-,-,0,0,2,1 (    0)
196,SWIFT J0549.7-6812,87.5273,-68.2486,NULL,NULL,-,-,-,0,0,4,1 (    0)
197,PKS 0548-322,87.6692,-32.2712,QSO B0548-322,BL Lac,-,-,-,1,0,2,1 (    0)
198,NGC 2110,88.0474,-7.45622,,Sy2,-,-,11 ( 2.6),10,41,120,56271 ( 3910)
199,MCG +8-11-11,88.7230,46.4390,UGC 3374,Sy1.5,-,-,19 ( 4.2),5,35,21,54269 ( 5912)
200,QSO J0555+3948,88.8784,39.8137,DA 193,Quasar,-,-,-,0,0,1,1 (    0)
201,MAXI J0556-332,89.1930,-33.1740,NULL,NULL,-,-,-,0,0,2,1 (    0)
202,V405 Aur,89.4970,53.8960,RX J0558.0+5353,CV/DQ Her,-,-,-,2,0,4,1 (    0)
203,LEDA 75476,89.5085,-38.3346,EXO 055620-3820.2,Sy1,-,-,-,1,0,2,1 (    0)
204,QSO B0558-504,89.9480,-50.4480,PKS 0558-504,Sy1,-,-,-,0,0,1,1 (    0)
205,SWIFT J0602.2+2829,90.5450,28.4720,IRAS 05589+2828,Sy1,-,-,-,2,0,3,1 (    0)
206,IGR J06074+2205,91.8500,22.0830,2MASS J06072661+2205477,HMXB,-,-,-,0,0,3,1 (    0)
207,QSO B0605-0834,91.9987,-8.58055,,Quasar,-,-,-,-,-,-,-
208,QSO B0607-157,92.4206,-15.7113,,Quasar,-,-,-,-,-,-,-
209,SWIFT J061223.0+701243,93.0960,70.2120,SW J0612.4+7013,Gamma-ray source,-,-,-,0,0,2,1 (    0)
210,PSR J0613-0200,93.4330,-2.01300,0FGL J0613.9-0202,Pulsar,-,-,-,-,-,-,-
211,0FGL J0614.3-3330,93.5430,-33.4980,PSR J0614-3330,Pulsar,-,-,-,0,0,1,1 (    0)
212,Mrk 3,93.9013,71.0375,,Sy2,-,-,-,5,0,13,1 (    0)
213,4U 0614+09,94.2800,9.13700,V1055 Ori,LMXB/NS,-,23 ( 2.1),25 ( 5.6),20,57,724,55366 ( 4815)
214,0FGL J0617.4+2234,94.5110,22.6600,IC 433,SNR,-,-,-,0,0,2,1 (    0)
215,1A 0620-00,95.6750,-0.350000,V616 Mon,LMXB/BH,-,-,-,-,-,-,-
216,XMMSL1 J063045.9-603110,97.6910,-60.5190,NULL,NULL,-,-,-,-,-,-,-
217,PSR J0631+1036,97.8650,10.6170,0FGL J0631.8+1034,Pulsar,-,-,-,0,0,2,1 (    0)
218,HESS J0632+057,98.2470,5.80000,HD 259440,Be Star,-,-,-,-,-,-,-
219,PSR J0633+06,98.3870,6.57800,0FGL J0633.5+0634,Pulsar,-,-,-,-,-,-,-
220,Geminga,98.4750,17.7670,SN 437,Pulsar,-,26 ( 2.2),-,0,0,2,1 (    0)
221,MAXI J0636+146,99.3508,14.6314,NULL,NULL,-,-,-,-,-,-,-
222,V959 Mon,99.9114,5.89778,NULL,NULL,-,-,-,-,-,-,-
223,ESO 490- 26,100.049,-25.8939,SWIFT J0640.4-2554,Sy1.2,-,-,-,-,-,-,-
224,Fermi J0641-0317,100.465,-3.34700,NULL,NULL,-,-,-,-,-,-,-
225,SU Lyn,100.730,55.4742,NULL,NULL,-,-,-,-,-,-,-
226,0FGL J0643.2+0858,100.860,8.96000,PMN J0643+0857,AGN,-,-,-,-,-,-,-
227,RGB J0643+422,100.862,42.2386,87GB 063957.4+421729,BL Lac,-,-,-,-,-,-,-
228,QSO J0646+4451,101.633,44.8546,OH 471,Quasar,-,-,-,-,-,-,-
229,PKS 0648-16,102.602,-16.6277,,Radio source,-,-,-,0,0,1,1 (    0)
230,QSO B0647+250,102.694,25.0500,1ES 0647+250,BL Lac,-,-,-,-,-,-,-
231,Mrk 6,103.051,74.4269,IC 450,Sy1.5,-,-,-,1,44,8,58105 ( 2076)
232,BWE 0650+5046,103.592,50.7070,0FGL J0654.3+5042,Blazar,-,-,-,0,0,1,1 (    0)
233,B3 0650+453,103.599,45.2400,0FGL J0654.3+4513,Quasar,-,-,-,0,0,1,1 (    0)
234,MAXI J0655-013,103.793,-1.53100,NULL,NULL,-,-,-,13,699,39,59761 (  420)
235,MXB 0656-072,104.572,-7.21000,2E 0655.8-0708,HMXB/NS,-,-,-,1,188,88,54750 ( 5431)
236,PKS 0700-661,105.130,-66.1790,0FGL J0700.0-6611,Quasar,-,-,-,0,0,1,1 (    0)
237,QSO B0706+591,107.625,59.1390,RGB J0710+591,BL Lac,-,-,-,0,0,4,1 (    0)
238,BWE 0708+5038,108.182,50.5560,0FGL J0712.9+5034,BL Lac,-,-,-,-,-,-,-
239,BWE 0711+1940,108.482,19.5830,0FGL J0714.2+1934,Quasar,-,-,-,0,0,1,1 (    0)
240,TXS 0716+332,109.831,33.1190,0FGL J0719.4+3302,Quasar,-,-,-,-,-,-,-
241,QSO B0716+714,110.475,71.3330,1H 0717+71,BL Lac,-,-,-,0,0,1,1 (    0)
242,4U 0728-25,112.223,-26.1081,V441 Pup,HXMB/NS,-,-,-,1,0,1,1 (    0)
243,2CG 235-01,112.500,-20.4000,,Gamma-ray source,-,-,-,-,-,-,-
244,QSO J0730-116,112.580,-11.6868,,Quasar,-,-,11 ( 2.0),-,-,-,-
245,QSO B0730+504,113.469,50.3692,87GB 073004.4+502852,Sy1,-,-,-,0,0,1,1 (    0)
246,YY Gem,113.656,31.8694,NULL,BY Dra variable,-,-,-,0,0,3,1 (    0)
247,QSO J0738+1742,114.531,17.7053,,BL Lac,-,-,-,-,-,-,-
248,QSO B0736+01,114.825,1.61795,,Quasar,-,-,-,-,-,-,-
249,QSO J0741+3111,115.295,31.2001,OI 363,Sy1,-,-,-,-,-,-,-
250,Mrk 79,115.637,49.8093,,Sy1.2,-,-,-,-,-,-,-
251,Sigma Gem,115.828,28.8836,NULL,RS CVn variable,-,-,15 ( 2.2),-,-,-,-
252,YZ CMi,116.167,3.55200,NULL,Flare star,-,-,-,-,-,-,-
253,PKS 0742+10,116.388,10.1869,QSO B0742+103,Quasar,-,-,-,0,0,1,1 (    0)
254,SWIFT J0746.3+2548,116.608,25.8170,B2 0743+25,Blazar,-,-,-,-,-,-,-
255,SWIFT J0746.6-2725,116.654,-27.4240,NULL,NULL,-,-,13 ( 2.5),-,-,-,-
256,EXO 0748-676,117.139,-67.7500,UY Vol,LMXB/NS,-,-,-,4,39,277,53433 ( 6748)
257,QSO B0748+126,117.717,12.5180,,Quasar,-,-,-,-,-,-,-
258,PQ Gem,117.822,14.7400,RX J0751.2+1444,CV/DQ Her,-,-,-,1,0,2,1 (    0)
259,QSO B0754+10,119.278,9.94301,,BL Lac,-,-,-,-,-,-,-
260,IGR J07597-3842,119.924,-38.7320,Swift J0759.8-3844,Sy1.2,-,-,-,1,0,3,1 (    0)
261,MAXI J0758-456,120.321,-46.3910,NULL,NULL,-,-,8 ( 2.1),-,-,-,-
262,IGR J08023-6954,120.570,-69.9100,DENIS-P J080241.6-695338,X-ray source,-,-,-,-,-,-,-
263,Mrk 1210,121.024,5.11400,Pheonix Galaxy,Sy2,-,-,-,2,0,2,1 (    0)
264,QSO B0805-077,122.065,-7.85275,,Quasar,-,-,-,-,-,-,-
265,QSO B0804+4959,122.165,49.8435,,Quasar,-,-,-,-,-,-,-
266,QSO B0806+524,122.455,52.3161,1ES 0806+524,BL Lac,-,-,-,-,-,-,-
267,QSO B0808+019,122.861,1.78117,,BL Lac,-,-,22 ( 2.9),-,-,-,-
268,NOVAPUPPIS 2007,124.075,-34.2570,NULL,Nova,-,47 ( 2.4),-,-,-,-,-
269,QSO B0814+425,124.567,42.3793,,BL Lac,-,-,-,0,0,2,1 (    0)
270,TXS 0820+560,126.197,55.8780,0FGL J0824.9+5551,Quasar,-,-,10 ( 2.3),-,-,-,-
271,QSO B0823+033,126.460,3.15681,,BL Lac,-,-,-,0,0,1,1 (    0)
272,PKS 0823-223,126.507,-22.5070,0FGL J0826.0-2228,BL Lac,-,-,-,0,0,1,1 (    0)
273,QSO J0830+2411,127.717,24.1833,,Quasar,-,-,-,0,0,2,1 (    0)
274,QSO B0829+047,127.954,4.49419,PKS 0829+046,BL Lac,-,-,-,-,-,-,-
275,Vela Pulsar,128.833,-45.1760,PSR B0833-45,Pulsar,-,-,-,6,36,13,56090 ( 4091)
276,GS 0834-430,128.979,-43.1850,NULL,HMXB/NS,-,-,-,1,275,50,56121 ( 4060)
277,SAX J0835.9+5118,128.983,51.3100,SAX0835.9+5118,LMXB,-,-,-,0,0,1,1 (    0)
278,4U 0836-42,129.345,-42.8860,X 0836-429,LMXB,-,-,-,0,0,1,1 (    0)
279,NGC 2622,129.546,24.8953,Markarian 1218,Sy1,-,-,-,0,0,3,1 (    0)
280,EI UMa,129.592,48.6338,RX J0838.3+4838,CV/DQ Her,-,-,-,1,0,1,1 (    0)
281,SWIFT J0840.7-3516,130.171,-35.2736,NULL,NULL,-,-,-,0,0,1,1 (    0)
282,IGR J08408-4503,130.197,-45.0580,LM Vel,HMXB/SFXT,-,-,-,0,71,5,55798 ( 4383)
283,3C 207,130.198,13.2060,2MASS J08404758+1312238,Sy1,-,-,36 ( 2.7),0,0,1,1 (    0)
284,4C +71.07,130.352,70.8950,1ES 0836+710,Blazar,-,-,-,2,0,1,1 (    0)
285,V549 Vel,132.623,47.7579,NULL,NULL,-,-,-,-,-,-,-
286,3EG J0853+1941,133.704,20.1085,OJ 287,BL Lac,-,-,-,0,0,1,1 (    0)
287,TY Pyx,134.928,-27.8164,NULL,RS CVn variable,-,-,-,0,0,3,1 (    0)
288,UGC 4730,135.494,60.1514,Mrk 18,Sy2,-,-,-,-,-,-,-
289,Fermi J0902-4624,135.525,-46.3800,NULL,NULL,-,-,-,-,-,-,-
290,Vela X-1,135.529,-40.5550,GP Vel,HMXB/NS,241 (15.1),306 (15.7),220 (41.7),128,2655,5165,56544 ( 3637)
291,T Pyx,136.173,-32.3800,NULL,NULL,-,43 ( 2.1),-,-,-,-,-
292,3EG J0903-3531,136.250,-35.4500,GRO J0902-35,Gamma-ray source,-,-,-,-,-,-,-
293,MAXI J0903-531,136.279,-53.5052,NULL,NULL,-,26 ( 2.1),-,6,0,1,1 (    0)
294,4C 01.24B,137.292,1.35989,4C +01.24,Quasar,-,-,-,0,0,2,1 (    0)
295,NGC 2770,137.378,33.1390,NULL,Galaxy in group,-,-,-,-,-,-,-
296,PKS 0907+022,137.416,2.00100,0FGL J0909.7+0145,BL Lac,-,-,-,-,-,-,-
297,BWE 0907+3341,137.654,33.4901,87GB 090732.2+334151,BL Lac,-,-,-,0,0,2,1 (    0)
298,Fermi_J0910-5041,137.690,-50.7400,NULL,Gamma-ray source,-,-,14 ( 3.9),-,-,-,-
299,SWIFT J0911.9-6452,137.975,-64.8810,NULL,NULL,-,-,-,8,0,2,1 (    0)
300,IRAS 09149-6206,139.039,-62.3250,6dFGS gJ091609.4-621930,Sy1,-,-,-,1,0,1,1 (    0)
301,Mrk 704,139.608,16.3050,NULL,Sy1.5,-,-,-,-,-,-,-
302,2S 0918-549,140.116,-55.2040,4U 0919-54,LMXB/NS,-,-,8 ( 2.4),4,0,10,1 (    0)
303,MCG-01-24-012,140.193,-8.05608,SWIFT J0920.8-0805,Sy2,-,-,-,1,0,3,1 (    0)
304,QSO B0917+449,140.243,44.6980,NULL,Quasar,-,39 ( 4.1),18 ( 2.7),0,0,1,1 (    0)
305,QSO B0917+624,140.401,62.2645,,Quasar,-,-,-,0,0,1,1 (    0)
306,BF Lyn,140.608,40.2011,NULL,BY Dra variable,-,39 ( 4.0),18 ( 2.7),0,0,2,1 (    0)
307,MCG+04-22-042,140.929,22.9092,,Sy1.2,-,-,-,1,0,2,1 (    0)
308,Mrk 110,141.304,52.2863,,Sy1,-,-,14 ( 2.9),2,0,1,1 (    0)
309,2CG 054+01,141.350,19.6330,SN 1230,SN,-,-,-,0,0,1,1 (    0)
310,4C 39.25,141.763,39.0391,ICRF J092703.0+390220,Sy1,-,36 ( 3.5),24 ( 3.2),-,-,-,-
311,XTE J0929-314,142.330,-31.3900,INTREF 390,XRB,-,-,-,-,-,-,-
312,QSO B0927+500,142.657,49.8400,1ES 0927+500,BL Lac,-,-,-,0,0,3,1 (    0)
313,LQ Hya,143.107,-11.1847,NULL,BY Dra variable,-,127 ( 2.5),-,0,0,1,1 (    0)
314,NGC 2992,146.425,-14.3264,,Sy2,-,-,-,2,0,1,1 (    0)
315,MCG -5-23-16,146.917,-30.9490,ESO 434-40,Sy2,-,-,19 ( 3.5),9,38,61,55075 ( 5106)
316,4C 40.24,147.231,40.6624,[HB89] 0945+408,QSO/FSRQ,-,-,-,0,0,3,1 (    0)
317,PMN J0948+0022,147.243,0.371000,0FGL J0948.3+0019,Sy1,-,-,-,0,0,2,1 (    0)
318,SN 1993J,148.850,69.0170,,SN,120 ( 2.2),-,-,0,0,1,1 (    0)
319,SN 2014J,148.926,69.6740,Supernova in M82,SN,-,19 ( 2.0),10 ( 2.8),-,-,-,-
320,4C +55.17,149.409,55.3820,0FGL J0957.6+5522,Quasar,-,-,-,-,-,-,-
321,4C 47.31,149.582,47.4188,,Quasar,-,-,-,0,0,1,1 (    0)
322,QSO B0954+65,149.697,65.5650,NULL,BL Lac,-,-,-,-,-,-,-
323,NGC 3081,149.873,-22.8263,,Sy2,-,-,-,3,0,3,1 (    0)
324,DH Leo,150.007,24.5528,HD 86590,Multiple star,-,-,-,0,0,1,1 (    0)
325,GRO J1008-57,152.433,-58.2950,[KRL2007b] 84,HMXB/NS,-,-,-,7,1009,673,56256 ( 3925)
326,IGR J10109-5746,152.762,-57.8040,CD-57 3057,Symb/WD,-,-,-,1,0,2,1 (    0)
327,RGB J1012+424,153.185,42.4997,87GB 100943.6+424459,BL Lac,-,-,-,-,-,-,-
328,GRS 1009-45,153.401,-45.0750,MM Vel,LMXB/BH,-,-,-,-,-,-,-
329,QSO B1011+496,153.767,49.4335,1ES 1011+496,BL Lac,-,-,12 ( 2.4),0,0,1,1 (    0)
330,QSO J1016+0513,154.013,5.21700,0FGL J1015.9+0515,Quasar,-,-,-,0,0,1,1 (    0)
331,0FGL J1018.2-5858,154.675,-58.9380,1FGL J1018.6-5856,XRB,-,22 ( 2.2),-,-,-,-,-
332,AD Leo,154.901,19.8700,NULL,Flare star,-,-,-,0,0,1,1 (    0)
333,AGL J1023-3738,155.819,-37.6440,NULL,Gamma-ray source,-,-,-,-,-,-,-
334,0FGL J1024.0-5754,155.875,-57.8320,1FGL J1024.0-5756,Gamma-ray source,-,-,-,0,0,2,1 (    0)
335,NGC 3227,155.878,19.8649,,Sy1.5,-,-,-,4,0,7,1 (    0)
336,PSR J1023+0038,155.949,0.645000,NULL,NULL,-,-,-,-,-,-,-
337,IGR J10252-6829,156.252,-68.4570,[KRL2007b] 88,X-ray source,-,-,-,0,0,1,1 (    0)
338,SWIFT J1025.8-4107,156.459,-41.1170,NULL,NULL,-,-,-,-,-,-,-
339,PSR J1028-5819,157.117,-58.3180,0FGL J1028.6-5817,Pulsar,-,-,-,-,-,-,-
340,QSO B1028+511,157.827,50.8930,1ES 1028+511,BL Lac,-,-,-,-,-,-,-
341,NGC 3281,157.967,-34.8537,,Sy2,-,-,13 ( 2.9),3,0,3,1 (    0)
342,S4 1030+61,158.464,60.8520,0FGL J1034.0+6051,Sy1,-,-,-,-,-,-,-
343,V906 Car,159.064,-59.5983,NULL,NULL,-,-,-,-,-,-,-
344,SWIFT J1037.8-5652,159.398,-56.8030,RX J1037.5-5647,HMXB/NS,-,-,7 ( 2.3),2,0,1,1 (    0)
345,SWIFT J1038.8-4942,159.688,-49.7819,1RXS J103845.2-494709,Sy1,-,-,-,0,0,2,1 (    0)
346,JVAS B1036+054,159.695,5.20808,87GB 103608.8+052818,Quasar,-,-,-,-,-,-,-
347,IGR J10404-4625,160.093,-46.4240,Swift J1040.7-4619,Sy2,-,-,-,-,-,-,-
348,1RXS J1040.9+1342,160.243,13.6975,NULL,NULL,-,-,-,-,-,-,-
349,4C 06.41,160.322,6.17137,,Quasar,-,-,17 ( 2.1),0,0,1,1 (    0)
350,eta Car,161.265,-59.6840,CCDM J10451-5941APQ,Star,-,-,-,-,-,-,-
351,HD 305560,161.619,-60.5640,NULL,NULL,-,-,-,0,54,1,56932 ( 3249)
352,QSO B1045-188,162.028,-19.1599,ICRF J104806.6-190935,Sy1,-,-,-,-,-,-,-
353,PSR J1048-5832,162.051,-58.5350,0FGL J1047.6-5834,Pulsar,-,-,7 ( 2.3),0,0,1,1 (    0)
354,Mrk 417,162.379,22.9644,SWIFT J1049.4+2258,Sy2,-,-,-,1,0,1,1 (    0)
355,1E 1048.1-5937,162.537,-59.8889,2E 1048.1-5937,HMXB,-,-,-,-,-,-,-
356,MS 1050.7+4946,163.434,49.4990,0FGL J1053.7+4926,BL Lac,-,-,-,0,0,1,1 (    0)
357,BWE 1051+2227,163.627,22.1820,0FGL J1054.5+2212,Gamma-ray source,-,-,34 ( 2.3),0,47,3,53786 ( 6395)
358,DM UMa,163.931,60.4694,NULL,RS CVn variable,-,-,-,0,0,2,1 (    0)
359,Fermi J1057-6027,164.308,-60.4580,NULL,Gamma-ray source,-,-,-,-,-,-,-
360,PSR B1055-52,164.500,-52.4500,,Pulsar,-,23 ( 2.5),-,-,-,-,-
361,4C 01.28,164.623,1.56634,4C +01.28,Quasar,-,-,-,0,0,1,1 (    0)
362,RGB J1058+564,164.657,56.4698,87GB 105536.5+564424,BL Lac,-,-,-,-,-,-,-
363,PKS 1057-79,164.680,-80.0650,0FGL J1100.2-8000,BL Lac,-,-,-,-,-,-,-
364,SWIFT J1101.5+7913,165.378,79.2170,NULL,NULL,-,-,-,-,-,-,-
365,1A 1059-22,165.907,-23.4917,1ES 1101-232,BL Lac,39 ( 2.3),-,-,0,0,1,1 (    0)
366,Mrk 421,166.114,38.2090,,BL Lac,-,-,-,5,122,240,53934 ( 6247)
367,NGC 3516,166.698,72.5690,,Sy1.5,-,-,7 ( 2.3),3,0,9,1 (    0)
368,IGR J11085-5100,167.210,-51.0420,[KRL2007b] 94,X-ray source,-,-,-,-,-,-,-
369,SWIFT J1112.2-8238,167.949,-82.6460,NULL,NULL,-,-,-,-,-,-,-
370,V679 Car,168.474,-61.2300,NULL,NULL,-,-,-,-,-,-,-
371,RX J1117.1+2014,169.276,20.2353,2MASS J11170625+2014073,BL Lac,-,-,33 ( 2.7),0,70,3,53786 ( 6395)
372,XTE J1118+480,169.545,48.0370,KV UMa,LMXB/BH,-,-,-,-,-,-,-
373,BWE 1118+4228,170.198,42.2047,1ES 1118+424,BL Lac,-,-,-,0,0,1,1 (    0)
374,1A 1118-61,170.238,-61.9170,2E 1118.7-6138,HMXB/NS,23 ( 2.2),-,7 ( 2.3),1,543,70,54846 ( 5335)
375,Cen X-3,170.313,-60.6230,V779 Cen,HMXB/NS,19 ( 2.1),21 ( 2.3),14 ( 5.0),60,362,4036,58444 ( 1737)
376,PKS 1118-056,170.355,-5.89900,[VV98] J112125.1-055356,Quasar,-,-,-,0,0,2,1 (    0)
377,IGR J11215-5952,170.438,-59.8670,USNO-B1.0 0301-00239906,HMXB,-,-,-,0,0,1,1 (    0)
378,0FGL J1123.0-6416,170.831,-64.2930,1FGL J1122.9-6415,AGN,-,-,-,-,-,-,-
379,V357 Mus,171.563,-65.5231,NULL,NULL,-,-,-,-,-,-,-
380,Nova Mus 1991,171.600,-68.6830,GU Mus,LMXB/BH,-,-,-,0,0,1,1 (    0)
381,QSO B1124-186,171.768,-18.9548,,Quasar,-,-,-,-,-,-,-
382,QSO J1130-1449,172.529,-14.8243,PKS 1127-14,Blazar,-,-,17 ( 2.9),0,0,1,1 (    0)
383,IGR J11305-6256,172.779,-62.9470,Swift J1131.0-6256,HMXB,-,-,-,-,-,-,-
384,IGR J11321-5311,173.025,-53.1830,[KRL2007b] 98,X-ray source,-,-,-,0,0,1,1 (    0)
385,Mrk 180,174.110,70.1576,QSO B1133+704,BL Lac,-,-,-,0,40,2,53786 ( 6395)
386,BWE 1133+6753,174.125,67.6179,RX J1136.5+6737,BL Lac,-,-,-,0,0,1,1 (    0)
387,NGC 3783,174.757,-37.7390,,Sy1,-,-,-,6,0,16,1 (    0)
388,HD 101379,174.875,-65.3978,NULL,Double star,-,-,-,0,0,7,1 (    0)
389,RW UMa,175.193,51.9981,NULL,RS CVn variable,-,-,-,-,-,-,-
390,DO Dra,175.910,71.6890,NULL,CV/DQ Her,-,-,-,0,0,4,1 (    0)
391,IGR J11435-6109,176.001,-61.1270,1RXS J114358.1-610736,HMXB/NS,-,-,-,2,0,15,1 (    0)
392,UGC 6728,176.317,79.6820,NULL,Sy1.2,-,-,-,-,-,-,-
393,1A 1143-18,176.419,-18.4540,2MASX J11454045-1827149,Sy1,-,-,-,1,0,1,1 (    0)
394,PKS 1144-379,176.756,-38.2030,0FGL J1146.7-3808,BL Lac,-,-,-,-,-,-,-
395,1E 1145.1-6141,176.869,-61.9540,Swift J1147.2-6156B,HMXB/NS,-,44 ( 4.7),19 ( 6.2),18,176,772,54546 ( 5635)
396,H 1145-619,177.000,-62.2070,4U 1145-61,HMXB,-,-,-,0,71,12,57270 ( 2911)
397,8C 1150+81,178.302,80.9748,,Quasar,-,-,-,0,0,3,1 (    0)
398,7C 1156+2931,179.883,29.2455,4C 29.45,Quasar,-,-,14 ( 2.1),0,0,2,1 (    0)
399,SWIFT J1200.8+0650,180.241,6.80642,CGCG 041-020,Sy2,-,-,-,0,0,3,1 (    0)
400,IGR J12026-5349,180.698,-53.8350,LEDA 38038,Sy2,-,-,-,2,0,3,1 (    0)
401,NGC 4051,180.790,44.5313,,Sy1.5,-,23 ( 2.0),-,2,0,6,1 (    0)
402,NGC 4074,181.124,20.3162,ARK 347,Sy2,-,-,-,-,-,-,-
403,NGC 4102,181.596,52.7109,,Liner,-,-,10 ( 2.6),-,-,-,-
404,NGC 4138,182.374,43.6850,,Sy1.9,-,-,10 ( 2.4),0,0,2,1 (    0)
405,NGC 4151,182.633,39.4060,,Sy1.5,44 ( 2.4),40 ( 3.2),34 ( 7.1),23,70,2490,57373 ( 2808)
406,RX J1211.9+2242,182.994,22.7089,2MASS J12115866+2242329,BL Lac,-,-,-,0,0,3,1 (    0)
407,4U 1210-64,183.450,-64.8380,NULL,HMXB/NS,-,-,-,-,-,-,-
408,QSO B1212+078,183.800,7.53889,NULL,BL Lac,-,-,-,-,-,-,-
409,DK Dra,183.923,72.5511,NULL,RS CVn variable,-,-,-,-,-,-,-
410,PKS 1213-17,183.945,-17.5293,QSO B1213-17,Blazar?,-,-,-,-,-,-,-
411,QSO B1215+303,184.467,30.1168,1ES 1215+303,BL Lac,-,-,-,-,-,-,-
412,QSO B1218+304,185.341,30.1770,1ES 1218+304,BL Lac,-,-,-,0,0,2,1 (    0)
413,QSO B1219+285,185.375,28.2330,W Comae,BL Lac,-,-,-,0,31,3,53786 ( 6395)
414,4C 04.42,185.594,4.22105,1ES 1219+044,Blazar,-,-,-,0,38,2,53786 ( 6395)
415,4C 21.35,186.227,21.3796,Swift J1224.9+2124,Blazar,-,-,-,0,0,2,1 (    0)
416,NGC 4388,186.445,12.6620,,Sy2,-,-,-,8,36,78,53953 ( 6228)
417,Virgo Cluster,186.630,12.7200,,Galaxy cluster,-,-,-,0,0,3,1 (    0)
418,GX 301-2,186.657,-62.7700,BP Cru,HMXB/NS,-,112 (11.9),98 (31.3),106,1637,5438,54568 ( 5613)
419,XSS J12270-4859,186.995,-48.8956,1RXS J122758.8-485343,CV?,-,-,-,-,-,-,-
420,3C 273,187.278,2.05200,,Blazar,-,-,-,11,42,208,54063 ( 6118)
421,GRS 1227+025,187.475,2.13300,,X-ray source,-,-,-,0,0,2,1 (    0)
422,M87,187.706,12.3911,M87,AGN,-,-,12 ( 2.2),-,-,-,-
423,IGR J12349-6434,188.724,-64.5650,RT Cru,Symb/WD,-,-,-,4,0,2,1 (    0)
424,NGC 4507,188.903,-39.9090,,Sy2,-,-,-,7,0,17,1 (    0)
425,AM 1236-270,189.727,-27.3078,ESO 506-027,Sy2,-,-,-,2,38,1,53490 ( 6691)
426,NGC 4593,189.914,-5.34425,,Sy1,-,-,14 ( 3.0),2,0,4,1 (    0)
427,IGR J12415-5750,190.357,-57.8340,Swift J1241.6-5748,Sy2,-,-,-,1,0,3,1 (    0)
428,Swift J1242.9-3530,190.725,-35.5110,NULL,NULL,-,-,-,-,-,-,-
429,PKS 1244-255,191.695,-25.7970,0FGL J1246.6-2544,Quasar,-,-,-,-,-,-,-
430,PG 1246+586,192.078,58.3410,0FGL J1248.7+5811,BL Lac,-,-,-,0,33,2,53785 ( 6396)
431,4U 1246-58,192.414,-59.0870,1A 1246-588,LMXB,-,-,-,3,158,7,57415 ( 2766)
432,S4 1250+53,193.297,53.0180,0FGL J1253.4+5300,BL Lac,-,-,-,0,0,2,1 (    0)
433,3C 279,194.047,-5.78900,,Blazar,-,-,-,1,0,1,1 (    0)
434,QSO B1255+244,194.383,24.2111,1ES 1255+244,BL Lac,-,-,-,0,31,4,53785 ( 6396)
435,H 1254-690,194.404,-69.2880,4U 1254-690,LMXB/NS,-,-,-,3,0,8,1 (    0)
436,3C 277.3,194.953,27.9810,Coma Cluster,Galaxy cluster,-,-,-,2,0,1,1 (    0)
437,GX 304-1,195.321,-61.6020,V850 Cen,HMXB/NS,-,-,-,7,1892,383,56234 ( 3947)
438,PSR B1259-63,195.700,-63.8330,CPD-63 2495,Pulsar,-,-,-,1,68,4,59855 (  326)
439,MCG+09-21-096,195.998,53.7917,SWIFT J1303.8+5345,Sy1,-,-,-,-,-,-,-
440,NGC 4945,196.363,-49.4680,,Sy2,-,-,17 ( 5.7),7,0,23,1 (    0)
441,MAXI J1305-704,196.735,-70.4510,NULL,XRB/BHC,-,-,-,0,51,17,56024 ( 4157)
442,NGC 4992,197.273,11.6340,NULL,Sy2,-,-,-,1,0,2,1 (    0)
443,7C 1308+3236,197.619,32.3455,,BL Lac,-,-,-,0,0,2,1 (    0)
444,RS CVn,197.654,35.9350,HD 114519,Double star,-,-,-,0,0,1,1 (    0)
445,IGR J13109-5552,197.680,-55.8700,PMN J1310-5552,Sy1,-,-,-,-,-,-,-
446,GB6 B1310+4844,198.181,48.4750,87GB 131033.7+484443,Quasar,-,-,-,-,-,-,-
447,MCG-03-34-064,200.602,-16.7286,,Sy1.8,-,-,-,-,-,-,-
448,SAX J1324.5-6313,201.113,-63.2230,SAX1324.5-6313,X-ray source,-,-,-,0,0,2,1 (    0)
449,Cen A,201.365,-43.0191,,Sy2,-,-,18 ( 6.0),39,151,2316,55088 ( 5093)
450,4U 1323-619,201.650,-62.1360,,LMXB/NS,-,-,11 ( 3.3),11,0,110,1 (    0)
451,QSO B1324+224,201.754,22.1806,,Quasar,-,-,-,-,-,-,-
452,FK Com,202.695,24.2328,NULL,Variable star,-,-,-,0,0,1,1 (    0)
453,DG CVn,202.944,29.2770,NULL,NULL,-,-,-,0,38,1,59922 (  259)
454,PKS 1329-049,203.018,-5.16200,0FGL J1331.7-0506,Quasar,-,-,-,-,-,-,-
455,HR 5110,203.699,37.1825,BH CVn,RS CVn,-,-,-,-,-,-,-
456,MCG -6-30-15,203.974,-34.2950,ESO 383-35,Sy1.2,-,-,-,-,-,-,-
457,QSO B1334-127,204.416,-12.9569,PKS 1335-127,BL Lac/HPQ,-,-,-,0,0,1,1 (    0)
458,NGC 5252,204.567,4.54236,,Sy1.9,-,-,-,2,0,2,1 (    0)
459,RGB J1341+399,205.270,39.9950,7C 1338+4015,BL Lac,-,-,-,-,-,-,-
460,B3 1343+451,206.388,44.8830,NVSS J134533+445259,Radio source,-,-,-,-,-,-,-
461,1A 1343-60,206.900,-60.6180,4U 1344-60,Sy1.5,-,-,-,-,-,-,-
462,MAXI J1348-630,207.054,-63.2740,NULL,NULL,-,-,-,-,-,-,-
463,IC 4329A,207.330,-30.3090,ESO 445-50,Sy1.2,-,-,14 ( 4.2),11,0,57,1 (    0)
464,Mrk 279,208.264,69.3080,MRK 279,Sy1.5,-,-,-,0,0,1,1 (    0)
465,V1369 Cen,208.689,-59.1512,NULL,NULL,-,-,-,-,-,-,-
466,PKS 1352-104,208.694,-10.6840,0FGL J1355.0-1044,Quasar,-,-,-,-,-,-,-
467,Mrk 463,209.012,18.3710,MRK 463,Sy1Sy2/Merger,-,-,-,0,34,4,53788 ( 6393)
468,SWIFT J1357.2-0933,209.320,-9.54400,,LMXB/BHC,-,-,-,0,43,7,55594 ( 4587)
469,Ginga 1354-645,209.541,-64.7350,BW Cir,LMXB/BH,-,-,-,1,269,100,57223 ( 2958)
470,MAXI J1409-619,212.011,-61.9840,NULL,HMXB/NS,-,-,-,0,91,31,55540 ( 4641)
471,QSO B1406-074,212.235,-7.87400,NULL,Quasar,53 ( 2.4),-,-,0,0,3,1 (    0)
472,SNR 312.4-00.4,212.750,-62.2000,SNR312.4-00.4,SNR,-,26 ( 2.5),-,-,-,-,-
473,ESO 97- 13,213.291,-65.3390,Circ galaxy,Sy2,-,-,13 ( 4.1),12,33,88,53597 ( 6584)
474,NGC 5506,213.312,-3.20800,,Sy1.9,-,30 ( 2.5),9 ( 2.3),10,0,61,1 (    0)
475,RGB J1413+436,213.432,43.6625,87GB 141144.3+435404,Blazar,-,-,-,0,0,1,1 (    0)
476,QSO B1413+135,213.995,13.3399,,BL Lac,-,-,-,0,0,1,1 (    0)
477,IGR J14175-4641,214.265,-46.6950,2MASS J14170366-4641411,Sy2,-,-,-,0,0,1,1 (    0)
478,7C 1415+2556,214.486,25.7237,[HB89] 1415+259,BL Lac,-,-,-,0,0,2,1 (    0)
479,NGC 5548,214.498,25.1370,,Sy1.5,-,22 ( 2.4),9 ( 2.6),-,-,-,-
480,ESO 511-G030,214.843,-26.6450,,Sy1,-,-,-,1,0,2,1 (    0)
481,QSO B1417+385,214.944,38.3635,,Quasar,-,-,-,0,0,1,1 (    0)
482,H 1417-624,215.300,-62.6980,4U 1416-62,HMXB/NS,-,-,-,4,385,242,58241 ( 1940)
483,MAXI J1421-613,215.408,-61.6070,NULL,NULL,-,-,-,-,-,-,-
484,SWIFT J1424.1-5738,216.044,-57.6360,NULL,NULL,-,-,-,-,-,-,-
485,7C 1424+2401,216.752,23.8000,NULL,BL Lac,-,-,-,0,0,1,1 (    0)
486,Mrk 813,216.854,19.8310,,Sy1,-,-,-,0,0,2,1 (    0)
487,PKS 1424-418,216.985,-42.1050,QSO B1424-41,Quasar,-,23 ( 2.4),-,0,69,3,59795 (  386)
488,H 1426+428,217.136,42.6730,1ES 1426+428,BL Lac,-,-,-,0,0,2,1 (    0)
489,Prox Cen,217.429,-62.6794,V645 Cen,Flare star,-,-,-,-,-,-,-
490,Mrk 817,219.092,58.7940,NULL,Sy1.5,-,-,-,1,0,2,1 (    0)
491,EK Dra,219.751,64.2917,NULL,BY Dra variable,-,-,-,-,-,-,-
492,QSO B1437+398,219.823,39.5452,RGB J1439+395,BL Lac,-,-,-,0,0,1,1 (    0)
493,NGC 5728,220.600,-17.2531,,Sy2,-,-,-,3,0,3,1 (    0)
494,QSO B1440+122,220.701,12.0111,NULL,BL Lac,-,-,-,-,-,-,-
495,IGR J14471-6319,221.884,-63.2790,2MASS J14471488-6317192,Sy2,-,-,-,-,-,-,-
496,Swift J1448.4-5945,222.180,-59.7040,SWIFT J144843.3-594216,XRB,-,-,-,0,0,1,1 (    0)
497,IGR J14493-5534,222.290,-55.6000,2MFGC 12018,AGN,-,-,-,0,0,2,1 (    0)
498,IGR J14552-5133,223.810,-51.5500,2MASX J14551742-5134150,Sy1,-,-,7 ( 2.0),-,-,-,-
499,PKS 1454-354,224.361,-35.6520,[VV2006] J145726.7-353909,Quasar,-,-,10 ( 2.6),0,0,1,1 (    0)
500,IGR J14579-4308,224.421,-43.1320,IC 4518A,Sy2,-,-,-,-,-,-,-
501,Cen X-4,224.592,-31.6690,V822 Cen,LMXB,-,-,-,0,60,1,59855 (  326)
502,3C 309.1,224.782,71.6722,ICRF J145907.5+714019,Sy1.5,-,-,-,-,-,-,-
503,PSR J1459-60,224.874,-60.9370,0FGL J1459.4-6056,Pulsar,-,-,-,-,-,-,-
504,44 Boo,225.947,47.6542,CCDM J15038+4739AB,Double star,-,-,-,0,0,1,1 (    0)
505,QSO B1502+1041,226.104,10.4942,4C +10.39,Quasar,-,-,-,1,0,2,1 (    0)
506,QSO B1504-167,226.770,-16.8751,,Quasar,-,-,-,-,-,-,-
507,IGR J15094-6649,227.358,-66.8230,2MASS J15092601-6649232,CV/DQ Her,-,-,-,-,-,-,-
508,PSR J1509-5850,227.363,-58.8490,0FGL J1509.5-5848,Pulsar,-,-,-,-,-,-,-
509,ASAS 150946-2147.7,227.442,-21.7950,NULL,XRB,-,-,-,0,0,3,1 (    0)
510,PKS 1508-05,227.723,-5.71900,0FGL J1511.2-0536,Quasar,-,-,-,0,0,2,1 (    0)
511,QSO J1512-0906,228.211,-9.09995,PKS 1510-089,QSO,-,-,-,1,0,1,1 (    0)
512,PSR B1509-58,228.481,-59.1360,Cir pulsar,PSR/PWN,-,-,-,-,-,-,-
513,QSO B1514-241,229.424,-24.3720,NULL,BL Lac,-,-,-,0,0,1,1 (    0)
514,H 1517+656,229.450,65.4200,1ES 1517+656,BL Lac,-,-,-,-,-,-,-
515,Swift J1518-5721,229.736,-57.3617,NULL,NULL,-,-,-,-,-,-,-
516,Cir X-1,230.170,-57.1670,BR Cir,HMXB/NS,-,29 ( 2.4),16 ( 4.5),22,51,24,59492 (  689)
517,NGC 5920,230.466,7.70869,3C 318.1,Galaxy in group,-,-,-,0,53,1,59922 (  259)
518,TXS 1520+319,230.542,31.7370,0FGL J1522.2+3143,Quasar,-,-,-,0,0,2,1 (    0)
519,TrA X-1,232.075,-61.8830,KY Tra,LMXB/BHC,-,-,-,-,-,-,-
520,V407 Lup,232.258,-44.8280,NULL,NULL,-,-,-,-,-,-,-
521,QSO B1533+535,233.755,53.3450,1ES 1533+535,BL Lac,-,-,-,-,-,-,-
522,MAXI J1535-571,233.832,-57.2300,NULL,NULL,-,-,-,0,0,1,1 (    0)
523,Mrk 290,233.968,57.9026,QSO B1534+580,Sy1,-,-,-,-,-,-,-
524,IGR J15360-5750,234.000,-57.8170,IGR15360-5750,X-ray source,-,-,-,-,-,-,-
525,SWIFT J1539.2-6227,234.800,-62.4670,,LMXB/BHC,-,-,-,-,-,-,-
526,4C 14.60,235.206,14.7961,4C +14.60,BL Lac,-,-,-,-,-,-,-
527,H 1538-522,235.597,-52.3860,QV Nor,HMXB/NS,-,-,32 ( 7.9),20,97,969,54403 ( 5778)
528,QSO B1542+614,235.737,61.4990,0FGL J1543.1+6130,BL Lac,-,-,-,0,0,1,1 (    0)
529,MAXI J1543-564,235.822,-56.4140,NULL,XRB/BHC,-,-,-,-,-,-,-
530,XTE J1543-568,236.023,-56.7740,NULL,HMXB/NS,-,-,-,-,-,-,-
531,4U 1543-47,236.786,-47.6690,IL Lup,LMXB/BH,-,-,-,7,140,27,59382 (  799)
532,4U 1543-62,236.976,-62.5698,,LMXB/NS,-,-,-,4,0,1,1 (    0)
533,IGR J15479-4529,237.060,-45.4790,NY Lup,CV/DQ Her,-,-,11 ( 2.2),-,-,-,-
534,QSO B1546+0246,237.373,2.61699,,Quasar,-,-,-,0,65,1,59948 (  233)
535,4C 05.64,237.647,5.45290,4C +05.64,Quasar,-,-,-,-,-,-,-
536,1E 1547.0-5408,237.726,-54.3070,PSR J1550-5418,Pulsar,-,-,-,-,-,-,-
537,XTE J1550-564,237.757,-56.4580,V381 Nor,LMXB/BH,-,-,-,0,0,1,1 (    0)
538,PKS 1551+130,238.386,12.9480,0FGL J1553.4+1255,Quasar,-,-,-,0,0,1,1 (    0)
539,QSO B1553+113,238.929,11.1901,PG 1553+113,Quasar,-,-,-,0,56,1,59795 (  386)
540,H 1553-542,239.455,-54.4140,2S 1553-542,HMXB/NS,-,-,-,-,-,-,-
541,T CrB,239.876,25.9202,HD 143454,Symb/WD,-,-,-,2,33,5,59922 (  259)
542,0FGL J1604.0-4904,240.961,-49.0680,2FGL J1603.8-4904,Quasar,-,-,-,-,-,-,-
543,4C 10.45,242.193,10.4855,4C +10.45,Quasar,-,-,-,0,0,2,1 (    0)
544,H 1608-522,243.179,-52.4230,QX Nor,LMXB/NS,-,-,-,19,347,1362,54268 ( 5913)
545,QSO B1611+3420,243.421,34.2133,DA 406,Quasar,-,-,-,-,-,-,-
546,TZ CrB,243.670,33.8586,NULL,RS CVn variable,-,-,-,-,-,-,-
547,AT2018cow,244.001,22.2680,NULL,NULL,-,-,-,-,-,-,-
548,IGR J16167-4957,244.155,-49.9800,1RXS J161637.2-495847,CV,-,-,-,-,-,-,-
549,2CG 333+01,244.250,-49.3000,1CG 333+00,Gamma-ray source,-,-,-,-,-,-,-
550,IGR J16185-5928,244.652,-59.4550,WKK 6471,Sy1 NL,-,-,-,-,-,-,-
551,IGR J16195-4945,244.884,-49.7420,AX J1619.4-4945,HMXB/SFXT candidate,-,-,-,1,50,1,59855 (  326)
552,Sco X-1,244.979,-15.6400,V818 Sco,LMXB/NS,2272 (27.7),986 (20.9),1280 (76.1),996,5134,754,60018 (  163)
553,MAXI J1621-501,245.092,50.0199,NULL,NULL,-,-,-,-,-,-,-
554,IGR J16207-5129,245.193,-51.5020,CXOU J162046.2-513006,HMXB/SFXT,-,-,-,2,78,1,59795 (  386)
555,U Sco,245.628,-17.8780,NOVA Sco 1863,Nova,-,-,-,-,-,-,-
556,PKS 1622-253,246.445,-25.4600,0FGL J1625.8-2527,Quasar,-,-,-,0,71,1,59836 (  345)
557,PKS 1622-297,246.525,-29.8570,QSO B1622-297,Quasar,-,-,-,0,0,1,1 (    0)
558,SWIFT J1626.6-5156,246.650,-51.9410,Swift J162636.2-515634,LMXB/NS,-,-,-,-,-,-,-
559,4U 1624-490,247.012,-49.1985,BIG DIPPER,LMXB/NS,-,-,-,-,-,-,-
560,Mrk 1498,247.017,51.7753,SWIFT J1628.1+5145,Sy1.9,-,-,-,1,0,1,1 (    0)
561,IGR J16283-4838,247.045,-48.6490,[KRL2007b] 188,HMXB/NS,-,-,-,-,-,-,-
562,RGB J1629+401,247.255,40.1333,1ES 1627+402,Sy1,-,-,-,-,-,-,-
563,IGR J16293-4603,247.339,-46.0640,NULL,X-ray source,-,-,-,-,-,-,-
564,IGR J16316-4028,247.900,-40.4670,IGR16316-4028,X-ray source,-,-,-,-,-,-,-
565,IGR J16318-4848,247.949,-48.8190,MSX6C G335.6164-00.4479,HMXB/NS,-,-,18 ( 3.7),23,185,61,59763 (  418)
566,AX J1631.9-4752,248.008,-47.8740,HESS J1632-478,HMXB/NS,-,-,20 ( 3.8),18,517,788,58508 ( 1673)
567,4U 1626-67,248.067,-67.4620,KZ Tra,LMXB/NS,-,-,11 ( 3.6),41,140,3344,59855 (  326)
568,IGR J16328-4726,248.158,-47.3950,NULL,HMXB/SFXT,-,-,-,-,-,-,-
569,4U 1630-472,248.504,-47.3930,Nor X-1,LMXB/BHC,185 ( 2.4),111 ( 4.6),91 (15.3),29,830,103,60033 (  148)
570,4C 38.41,248.815,38.1346,4C +38.41,Quasar,-,-,-,0,37,4,59922 (  259)
571,SGR 1627-41,248.968,-47.5870,SGR1627-41,SGR,-,-,-,-,-,-,-
572,IGR J16358-4726,248.974,-47.4280,IGR16358-4726,X-ray source,-,-,18 ( 2.6),-,-,-,-
573,XTE J1637-498,249.262,-49.8600,,X-ray transient,-,-,-,0,0,1,1 (    0)
574,IGR J16374-5043,249.306,-50.7250,NULL,X-ray source,-,-,-,0,0,3,1 (    0)
575,QSO J1638+5720,249.556,57.3400,ICRF J163813.4+572023,Sy1,-,-,-,0,0,3,1 (    0)
576,CIZA J1638.2-6420,249.567,-64.3472,Triangulum cluster,Cluster of galaxies,-,-,-,1,0,3,1 (    0)
577,IGR J16393-4643,249.775,-46.7070,AX J1639.0-4642,HMXB/NS,-,-,-,5,0,8,1 (    0)
578,QSO B1638+3952,250.123,39.7795,NRAO 512,Quasar,-,-,-,0,0,2,1 (    0)
579,4U 1636-536,250.231,-53.7510,V801 Ara,LMXB/NS,-,73 ( 4.0),48 (11.0),32,180,2379,60114 (   67)
580,IGR J16418-4532,250.463,-45.5420,2MASS J16415078-4532253,HMXB/SFXT?,-,-,-,4,48,9,56017 ( 4164)
581,4C 39.48,250.745,39.8103,3C 345,HPQ,-,-,-,0,67,5,59947 (  234)
582,IGR J16442-5548,251.088,-55.8080,NULL,X-ray source,-,-,-,-,-,-,-
583,Swift J164449.3+573451,251.205,57.5810,NULL,TDF,88 ( 2.6),-,-,0,42,6,53785 ( 6396)
584,GX 340+0,251.449,-45.6111,4U 1642-45,LMXB/NS,102 ( 2.0),-,65 (13.7),48,133,2318,57707 ( 2474)
585,IGR J16465-4507,251.648,-45.1180,2MASS J16463526-4507045,HMXB/Pulsar,-,-,-,0,0,2,1 (    0)
586,CXOU J164710.2-455216,251.793,45.8710,PSR J1647-4552,Pulsar,-,-,-,0,67,3,59734 (  447)
587,IGR J16479-4514,251.990,-45.2010,2MASS J16480656-4512068,HXMB/SFXT,-,-,-,4,64,68,53480 ( 6701)
588,MAXI J1647-227,252.051,-23.0150,NULL,XRB/NS,-,-,-,0,37,15,56101 ( 4080)
589,IGR J16482-3036,252.063,-30.5840,2MASS J16481523-3035037,Sy1,-,-,-,0,0,2,1 (    0)
590,IGR J16493-4348,252.362,-43.8190,2MASS J16492695-4349090,XRB/NS,-,-,-,2,0,5,1 (    0)
591,XTE J1650-500,252.500,-50.0000,[GHJ2008] 3,LMXB/BH,-,-,-,-,-,-,-
592,XTE J1652-453,253.085,-45.3440,,XRB/BHC,-,-,-,-,-,-,-
593,NGC 6240,253.246,2.40000,NULL,Sy2,-,-,-,2,0,2,1 (    0)
594,Mrk 501,253.467,39.7600,4C 39.49,BL Lac,-,-,-,3,71,30,56941 ( 3240)
595,GRO J1655-40,253.501,-39.8333,V1033 Sco,LMXB/BH,78 ( 2.2),-,-,1,795,62,53509 ( 6672)
596,IGR J16558-4150,253.950,-41.8300,NULL,X-ray source,-,-,-,-,-,-,-
597,IGR J16558-5203,254.023,-52.0610,1RXS J165605.6-520345,Sy1.2,-,-,-,0,0,1,1 (    0)
598,Nova Sco,254.420,-32.3434,NOVA Sco 2007 a,Nova,-,-,-,-,-,-,-
599,Her X-1,254.457,35.3420,HZ Her,LMXB/NS,-,-,22 ( 7.5),35,388,2556,54309 ( 5872)
600,QSO B1655+077,254.538,7.69098,,Quasar,-,-,-,0,0,4,1 (    0)
601,Swift J1658.2-4242,254.552,-42.6988,NULL,NULL,-,-,-,-,-,-,-
602,MAXI J1659-152,254.757,-15.2580,,LMXB/BHC,-,-,-,0,241,50,55465 ( 4716)
603,IGR J16597-3704,254.887,-37.1207,NULL,NULL,-,-,-,-,-,-,-
604,GB6 B1700+6834,255.039,68.5020,7C 1700+6834,Sy1,-,-,-,0,0,1,1 (    0)
605,AX J1700.2-4220,255.105,-42.3170,2MASS J17002524-4219003,HMXB,370 ( 2.7),-,-,1,0,1,1 (    0)
606,EXO 1657-419,255.200,-41.6731,OAO 1657-415,HMXB/NS,-,-,24 ( 3.8),45,499,2957,56429 ( 3752)
607,IGR J17009+3559,255.222,35.9980,NULL,X-ray source,-,-,-,0,0,3,1 (    0)
608,XTE J1701-462,255.243,-46.1860,[KRL2007b] 214,LMXB/NS,-,-,-,3,100,284,53929 ( 6252)
609,XTE J1701-407,255.435,-40.8580,NULL,LMXB/NS,-,-,-,5,0,13,1 (    0)
610,H 1658-298,255.525,-29.9500,V2134 Oph,LMXB,-,-,-,0,0,1,1 (    0)
611,GX 339-4,255.706,-48.7900,V821 Ara,LMXB/BH,-,-,-,13,720,1034,54131 ( 6050)
612,V1535 Sco,255.859,-35.0716,NULL,NULL,-,-,-,-,-,-,-
613,4U 1700-377,255.987,-37.8440,V884 Sco,HMXB/NS,578 (14.2),815 (17.5),218 (29.7),136,2079,562,60057 (  124)
614,XTE J1704-412,256.005,-41.2440,NULL,X-ray transient,-,-,-,-,-,-,-
615,XTE J1704-445,256.120,-44.5400,NULL,X-ray source,-,-,-,-,-,-,-
616,GX 349+2,256.435,-36.4230,V1101 Sco,LMXB/NS,-,-,80 (11.9),74,201,4839,53623 ( 6558)
617,4U 1702-429,256.563,-43.0360,Ara X-1,LMXB/NS,-,-,-,22,83,1436,56090 ( 4091)
618,SWIFT J1706.6-6146,256.568,-61.7110,IGR J17062-6143,LMXB/NS,-,-,-,-,-,-,-
619,4U 1700+24,256.644,23.9718,HD 154791,LMXB/NS,-,-,-,1,72,43,57009 ( 3172)
620,H 1705-250,257.050,-25.0830,V2107 Oph,LMXB/BH,-,-,-,-,-,-,-
621,4U 1708-23,257.100,-22.8000,Oph X-2,X-ray source,-,-,-,-,-,-,-
622,H1705-440,257.225,-44.1020,4U 1705-440,LMXB/NS,-,-,15 ( 2.3),25,133,1618,59146 ( 1035)
623,4U 1705-32,257.227,-32.3160,1RXS J170854.4-321857,LMXB,-,-,-,0,0,1,1 (    0)
624,IGR J17091-3624,257.282,-36.4070,SAX J1709.1-3624,LMXB/BHC,-,-,-,5,122,124,55607 ( 4574)
625,RX J1709.5-2639,257.376,-26.6570,XTE J1709-267,LMXB,-,-,-,1,0,6,1 (    0)
626,PSR B1706-44,257.400,-44.5170,,Pulsar,-,-,-,0,0,1,1 (    0)
627,IGR J17098-3628,257.441,-36.4660,2MASS J17094612-362757,BHC,-,-,-,1,42,2,53553 ( 6628)
628,XTE J1710-281,257.551,-28.1320,1RXS J171012.3-280754,LMXB,-,-,-,2,0,1,1 (    0)
629,SAX J1711.6-3808,257.900,-38.1420,,BHC,-,-,-,-,-,-,-
630,NGC 6440,257.910,-3.38200,NULL,Globular cluster,-,-,-,0,0,3,1 (    0)
631,4U 1708-40,258.099,-40.8430,1RXS J171224.8-405034,LMXB,-,-,-,2,48,6,59795 (  386)
632,Oph cluster,258.103,-23.3500,,Galaxy cluster,-,-,-,6,0,7,1 (    0)
633,SAX J1712.6-3739,258.142,-37.6430,1RXS J171237.1-373834,LMXB/NS,-,-,-,6,59,16,56887 ( 3294)
634,V2400 Oph,258.152,-24.2460,1RXS J171236.2-241445,CV/DQ Her,-,-,-,3,0,6,1 (    0)
635,SWIFT J1713.4-4219,258.361,-42.3270,NULL,Transient,326 ( 2.1),-,-,0,0,1,1 (    0)
636,2S 1711-339,258.571,-34.0550,4U 1711-34,LMXB,-,-,-,0,0,1,1 (    0)
637,NovaSco 2014,258.945,-31.4750,TYC J17154683-3128303,NULL,-,-,-,-,-,-,-
638,XTE J1716-379,259.119,-37.9600,NULL,Pulsar,-,-,-,0,0,1,1 (    0)
639,NGC 6300,259.248,-62.8210,,Sy2,-,-,8 ( 2.4),3,0,4,1 (    0)
640,V824 Ara,259.356,-66.9511,NULL,RS CVn variable,-,-,-,-,-,-,-
641,IGR J17177-3656,259.428,-36.9340,NULL,NULL,-,-,-,0,50,4,59795 (  386)
642,RX J1718.4-4029,259.601,-40.4930,1RXS J171824.2-402934,LMXB,-,-,17 ( 2.5),0,0,1,1 (    0)
643,4U 1715-321,259.698,-32.1780,1H 1715-321,LMXB,-,-,-,0,0,2,1 (    0)
644,XMMSL1 J171900.4-353217,259.752,-35.5380,,X-ray transient,-,-,-,0,0,2,1 (    0)
645,PKS 1717+177,259.804,17.7520,0FGL J1719.3+1746,BL Lac,-,-,-,0,0,4,1 (    0)
646,IGR J17191-2821,259.808,-28.3270,NULL,XRB/NS,-,-,-,0,56,19,56089 ( 4092)
647,XTE J1719-291,259.821,-29.0690,,X-ray source,-,-,-,0,0,5,1 (    0)
648,IGR J17195-4100,259.898,-41.0150,1RXS J171935.6-410054,CV,-,-,-,-,-,-,-
649,Granat 1716-249,259.904,-25.0180,GRS 1716-249,BHC,-,-,-,2,625,250,57763 ( 2418)
650,XTE J1720-318,259.978,-31.7480,V1228 Sco,LMXB/BHC,-,-,-,0,0,3,1 (    0)
651,IGR J17200-3116,260.025,-31.2840,2MASS J17200591-3116596,HMXB,-,-,-,2,0,4,1 (    0)
652,4C 34.47,260.837,34.2990,87GB 172131.7+342032,Blazar/Sy1,-,-,-,0,0,8,1 (    0)
653,XTE J1723-376,260.900,-37.6500,INTREF 776,LMXB,-,-,-,0,0,1,1 (    0)
654,QSO B1722+119,261.268,11.8710,RGB J1725+118,BL Lac,-,-,-,0,41,3,59922 (  259)
655,IGR J17252-3616,261.297,-36.2830,EXO 1722-363,HMXB/NS,-,-,-,8,84,181,56532 ( 3649)
656,IGR J17254-3257,261.356,-32.9550,IGR17254-3257,SRC/Gamma,-,-,-,1,0,1,1 (    0)
657,QSO B1726+455,261.865,45.5110,ICRF J172727.6+453039,Sy1,-,20 ( 2.2),-,0,0,2,1 (    0)
658,GRS 1724-308,261.889,-30.8020,4U 1722-30,LMXB/NS,-,-,18 ( 2.6),17,67,593,54515 ( 5666)
659,SWIFT J1727.8-1613,261.937,-16.2120,NULL,NULL,-,-,-,-,-,-,-
660,MAXI J1727-203,261.971,-20.3890,NULL,NULL,-,-,-,0,47,10,58312 ( 1869)
661,QSO B1727+502,262.078,50.2196,1ES 1727+502,BL Lac,-,-,-,0,35,7,59922 (  259)
662,IGR J17285-2922,262.171,-29.3820,[KRL2007b] 241,XRB,-,-,-,0,0,3,1 (    0)
663,SWIFT J1728.9-3613,262.245,-36.2255,NULL,NULL,-,-,-,3,183,31,58520 ( 1661)
664,SWIFT J1729.9-3437,262.537,-34.6120,NULL,XRB/NS,-,-,-,0,31,7,55397 ( 4784)
665,IGR J17303-0601,262.590,-5.99300,1H 1726-058,CV/DQ Her,-,-,-,3,0,4,1 (    0)
666,GX 9+9,262.934,-16.9620,V2216 Oph,LMXB/NS,-,-,28 ( 3.5),20,75,745,53788 ( 6393)
667,GX 354-0,262.988,-33.8340,Slow burster,LMXB/NS,81 ( 2.1),85 ( 2.5),30 ( 4.7),48,209,3216,54172 ( 6009)
668,GX 1+4,263.009,-24.7460,V2116 Oph,LMXB/NS,-,-,30 ( 4.6),46,369,3275,60046 (  135)
669,PSR J1732-31,263.140,-31.5230,0FGL J1732.8-3135,Pulsar,-,-,-,-,-,-,-
670,QSO B1730-130,263.261,-13.0804,NRAO 530,Quasar,-,-,-,0,0,3,1 (    0)
671,IGR J17331-2406,263.304,-24.1430,[KRL2007b] 247,BHC,-,-,-,-,-,-,-
672,Rapid Burster,263.353,-33.3880,MXB 1730-335,LMXB/NS,-,-,16 ( 2.4),2,61,79,54264 ( 5917)
673,GRS 1730-312,263.380,-31.2200,KS 1730-312,BHC,-,-,-,0,0,1,1 (    0)
674,4U 1730-22,263.487,-22.0353,NULL,NULL,-,-,32 ( 4.2),19,0,1,1 (    0)
675,KS 1731-260,263.550,-26.1000,2MASS J17341270-2605485,LMXB,-,-,-,-,-,-,-
676,Swift J1734.5-3027,263.602,-30.3980,NULL,NULL,-,-,-,0,0,2,1 (    0)
677,1RXH J173523.7-354013,263.849,-35.6693,RX J1735.3-3540,LMXB candidate,-,-,-,-,-,-,-
678,IGR J17354-3255,263.854,-32.9380,SSTGLMC G355.4576-00.2730,SRC/gamma,-,-,-,-,-,-,-
679,XB 1732-304,263.950,-30.4830,1RXS J173546.9-302859,LMXB,-,-,14 ( 2.1),0,0,2,1 (    0)
680,IGR J17361-4441,264.073,-44.7350,NULL,NULL,-,-,-,0,0,1,1 (    0)
681,V1707 Sco,264.290,-35.1725,NULL,NULL,-,-,-,0,0,1,1 (    0)
682,GRS 1734-292,264.368,-29.1340,AX J1737.4-2907,Sy1,-,-,-,5,0,7,1 (    0)
683,IGR J17375-3022,264.395,-30.3820,NULL,X-ray source,-,-,-,0,0,1,1 (    0)
684,IGR J17379-3747,264.495,-37.7720,,X-ray source,-,-,-,0,0,1,1 (    0)
685,SLX 1735-269,264.571,-26.9940,1ES 1735-26.9,LMXB/NS,-,-,-,13,56,3,59829 (  352)
686,V2672 Ophiuchi,264.582,-26.7370,Nova Ophiuchi 2009,Nova,-,-,-,-,-,-,-
687,GX 359+2,264.650,-28.4830,4U 1735-28,LMXB,-,-,-,-,-,-,-
688,4U 1735-44,264.743,-44.4500,V926 Sco,LMXB/NS,-,83 ( 3.1),42 ( 7.4),30,84,2256,53784 ( 6397)
689,IGR J17391-3021,264.796,-30.3440,XTE J1739-302,HMXB/SFXT,-,-,-,-,-,-,-
690,GRS 1736-297,264.888,-29.7240,NULL,NULL,-,-,-,-,-,-,-
691,XTE J1739-285,264.975,-28.4960,[KRL2007b] 258,LMXB/NS,-,-,-,4,0,2,1 (    0)
692,AX J1740.1-3102,265.038,-31.0400,GRS 1737-31,BHC,-,-,-,0,0,1,1 (    0)
693,QSO B1739+522,265.154,52.1954,4C +51.37,Quasar,-,-,7 ( 2.5),-,-,-,-
694,IGR J17407-2808,265.172,-28.1470,NULL,NULL,-,-,-,0,0,1,1 (    0)
695,SLX 1737-282,265.179,-28.3020,2E 1737.5-2817,LMXB/NS,-,-,-,2,78,2,59855 (  326)
696,EXS 1737.9-2952,265.280,-29.8800,EXS1737.9-2952,X-ray source,-,-,-,0,49,1,59795 (  386)
697,SWIFT J1741.5-6548,265.350,-65.7910,NULL,XRB/NS,-,-,-,-,-,-,-
698,PSR J1741-2054,265.540,-20.9160,0FGL J1742.1-2054,Gamma-ray source,-,-,-,0,0,3,1 (    0)
699,GRS 1739-278,265.670,-27.7600,V2606 Oph,BHC,-,-,-,3,333,145,56777 ( 3404)
700,XTE J1743-363,265.750,-36.3447,[KRL2007b] 264,SRC/X-ray,-,-,-,0,0,2,1 (    0)
701,1E 1740.7-2942,265.978,-29.7450,GREAT ANNIHILATOR,LMXB/BHC,-,-,19 ( 2.6),44,124,165,59855 (  326)
702,1ES 1741+19.6,265.990,19.5858,QSO B1741+196,BL Lac,-,-,-,0,40,1,59922 (  259)
703,QSO B1741-038,265.995,-3.83462,,Quasar,-,-,-,0,33,8,53515 ( 6666)
704,GRO J1744-28,266.138,-28.7410,NULL,NULL,-,-,-,4,923,119,56739 ( 3442)
705,Swift J174444.9-295042,266.187,-29.8450,NULL,NULL,-,-,-,0,0,1,1 (    0)
706,AX J1744.8-2921,266.213,-29.3550,M1741-293,LMXB/NS,-,-,-,6,69,172,56426 ( 3755)
707,Granat J1741.9-2853,266.260,-28.9140,NULL,LMXB,-,-,-,1,138,13,56676 ( 3505)
708,IGR J17451-3022,266.278,-30.3788,NULL,NULL,-,-,-,-,-,-,-
709,Swift J1745.1-2624,266.295,-26.4030,Swift J174510.8-262411,LMXB/BHC,-,-,-,4,909,163,56188 ( 3993)
710,Sgr Astar,266.417,-29.0078,CXOGC J174540.0-290027,Galactic center,-,-,-,6,167,17,57551 ( 2630)
711,1A 1742-294,266.522,-29.5150,2E 1742.9-2929,LMXB/NS,-,-,-,11,61,218,59795 (  386)
712,IGR J17464-3213,266.565,-32.2340,H 1743-322,LMXB/BHC,-,-,-,7,215,533,55195 ( 4986)
713,IGR J17460-3047,266.580,-30.7910,IGR17460-3047,X-ray source,-,-,-,0,0,1,1 (    0)
714,1E 1743.1-2843,266.588,-28.7280,2E 1743.1-2842,LMXB,-,-,-,6,0,4,1 (    0)
715,SAX J1747.0-2853,266.761,-28.8830,CXOU J174702.5-285258,LMXB/NS,-,-,-,2,43,13,53821 ( 6360)
716,IGR J17473-2721,266.825,-27.3440,XTE J1747-274,LMXB/NS,-,-,-,2,392,171,54594 ( 5587)
717,SLX 1744-300,266.856,-30.0450,AX J1747.4-3000,LMXB/NS,-,-,-,9,0,35,1 (    0)
718,IGR J17475-2822,266.927,-28.3740,[KRL2007b] 279,Molecular cloud,-,-,-,-,-,-,-
719,GX 3+1,266.983,-26.5640,Sgr X-1,LMXB/NS,-,-,-,23,59,1246,54653 ( 5528)
720,XTE J1748-288,267.021,-28.4740,AX J1748.0-2829,LMXB/BHC,-,-,-,0,125,3,59734 (  447)
721,EXO 1745-248,267.022,-24.7800,,LMXB/NS,-,-,-,2,300,132,57128 ( 3053)
722,1A1744-361,267.080,-36.1210,[KRL2007b] 281,LMXB,-,-,14 ( 2.2),0,0,9,1 (    0)
723,H 1745-203,267.225,-20.3670,4U 1745-203,LMXB,-,-,-,0,103,21,57076 ( 3105)
724,IGR J17488-3253,267.230,-32.9140,2MASS J17485512-3254521,Sy1,-,-,-,1,0,3,1 (    0)
725,AX J1749.1-2733,267.278,-27.5420,NULL,HMXB,-,-,-,0,0,2,1 (    0)
726,AX J1749.1-2639,267.291,-26.6370,GRO J1750-27,HMXB/NS,-,-,-,4,286,265,54516 ( 5665)
727,IGR J17494-3030,267.349,-30.5000,NULL,NULL,-,-,-,-,-,-,-
728,Swift J1749.4-2807,267.368,-28.1210,2XMM J174931.6-280805,Pulsar,-,-,-,0,0,1,1 (    0)
729,IGR J17497-2821,267.409,-28.3547,,LMXB/BHC,-,-,-,0,99,37,54001 ( 6180)
730,SLX 1746-331,267.452,-33.2051,RX J1749.8-3312,LMXB,-,-,20 ( 3.0),0,0,1,1 (    0)
731,IGR J17498-2921,267.481,-29.3220,NULL,LMXB/NS,-,-,-,0,44,19,55789 ( 4392)
732,RS Oph,267.555,-6.70800,NOVA Oph 1898,Nova,-,-,13 ( 2.0),0,0,4,1 (    0)
733,4U 1746-370,267.557,-37.0470,,LMXB/NS,-,-,-,4,0,5,1 (    0)
734,SAX J1750.8-2900,267.602,-29.0380,SAX1750.8-2900,LMXB/NS,-,58 ( 2.2),15 ( 2.3),1,90,90,54583 ( 5598)
735,EXO 1747-214,267.604,-21.4260,,LMXB,-,-,-,0,60,3,59855 (  326)
736,GRS 1747-312,267.690,-31.2920,,LMXB,-,-,-,1,0,6,1 (    0)
737,V1324 Sco,267.725,-32.6225,NULL,NULL,-,-,-,-,-,-,-
738,IGR J17511-3057,267.786,-30.9610,NULL,LMXB/NS,-,-,-,0,52,26,55089 ( 5092)
739,XTE J1751-305,267.806,-30.6230,[KRL2007b] 291,XRB,-,-,-,0,0,3,1 (    0)
740,1RXS J175113.3-201214,267.806,-20.2040,,X-ray source,-,-,16 ( 2.2),0,0,1,1 (    0)
741,4C 09.57,267.887,9.65020,4C +09.57,BL Lac,-,-,-,0,32,4,53786 ( 6395)
742,XTE J1752-223,268.063,-22.3420,,LMXB/BHC,-,-,-,1,818,141,55198 ( 4983)
743,SAX J1752.3-3138,268.100,-31.6280,SAX1752.3-3138,LMXB,-,-,-,0,0,2,1 (    0)
744,SWIFT J1753.5-0127,268.368,-1.45260,,LMXB/BHC,-,-,-,36,409,2515,53563 ( 6618)
745,SAX J1753.5-2349,268.383,-23.8210,NULL,LMXB/NS,-,-,-,0,36,13,56101 ( 4080)
746,SWIFT J1753.7-2544,268.416,-25.7540,Swift J1753.7-2544,NULL,-,-,-,1,98,24,56321 ( 3860)
747,RX J1753.6+2848,268.427,28.8014,ICRF J175342.4+284804,Quasar,-,-,-,0,0,3,1 (    0)
748,AX J1754.2-2754,268.561,-27.9100,NULL,X-ray source,-,-,-,0,62,1,59855 (  326)
749,IGR J17544-2619,268.605,-26.3310,1RXS J175428.3-262035,HMXB/SFXT,-,-,-,1,155,27,58211 ( 1970)
750,V745 Sco,268.843,-33.2500,NULL,NULL,-,-,-,-,-,-,-
751,HD 163621,268.853,36.1889,V835 Her,RS CVn variable,-,-,-,0,0,2,1 (    0)
752,XTE J1755-324,268.870,-32.4780,INTREF 866,LMXB/BHC,-,-,-,0,62,2,59855 (  326)
753,IGR J17559-2612,268.990,-26.2100,NULL,NULL,-,-,-,0,0,1,1 (    0)
754,SWIFT J1756.9-2508,269.239,-25.1080,NULL,LMXB/NS,-,-,-,0,49,19,55023 ( 5158)
755,SGR 1801-23,269.488,-22.9470,SGR1801-23,SGR,-,-,-,0,0,3,1 (    0)
756,IGR J17586-2129,269.644,-21.3890,CXOU J175834.5-212321,HMXB,-,-,17 ( 2.4),2,51,51,55150 ( 5031)
757,H 1755-338,269.675,-33.8170,Ginga 1755-338,BHC,-,-,-,0,0,1,1 (    0)
758,IGR J17591-2342,269.762,-23.7195,NULL,NULL,-,-,-,-,-,-,-
759,2E 1756.8+1451,269.788,14.8620,NULL,NULL,-,-,-,-,-,-,-
760,IGR J17597-2201,269.940,-22.0280,XTE J1759-220,LMXB,-,-,-,0,0,3,1 (    0)
761,QSO B1758+38,270.103,38.8085,,Quasar,-,-,-,0,0,2,1 (    0)
762,8C 1803+784,270.190,78.4678,,BL Lac,-,-,-,0,0,1,1 (    0)
763,GX 5-1,270.284,-25.0780,4U 1758-25,LMXB/NS,-,95 ( 3.6),83 (12.7),70,279,430,60032 (  149)
764,GRS 1758-258,270.302,-25.7430,1RXS J180112.6-254435,LMXB/BHC,-,112 ( 4.2),83 (13.0),60,150,331,60018 (  163)
765,0FGL J1801.6-2327,270.345,-23.2890,SNR G006.4-00.1,SNR,-,-,-,-,-,-,-
766,QSO B1800+440,270.385,44.0728,,Quasar,-,-,-,-,-,-,-
767,GX 9+1,270.385,-20.5290,Sgr X-3,LMXB/NS,-,58 ( 2.4),48 ( 6.6),36,84,2998,58563 ( 1618)
768,IGR J18027-2016,270.666,-20.2870,SAX J1802.7-2017,HMXB,-,-,-,5,96,35,59855 (  326)
769,PMN J1802-3940,270.678,-39.6690,0FGL J1802.6-3939,Radio source,-,-,-,0,0,1,1 (    0)
770,IGR J18027-1455,270.697,-14.9150,,Sy1,-,-,-,1,0,3,1 (    0)
771,MAXI J1803-298,270.762,-29.8305,NULL,NULL,-,-,-,6,146,20,59358 (  823)
772,1RXS J180408.9-342058,271.038,-34.3494,NULL,NULL,-,-,-,-,-,-,-
773,V772 Her,271.457,21.4458,CCDM J18058+2127A,Double star,-,-,-,-,-,-,-
774,NovaSagittari 2008,271.495,-27.2320,V5579 Sgr,Nova,-,-,-,0,0,1,1 (    0)
775,SAX J1806.5-2215,271.642,-22.2520,NULL,LMXB/NS,-,-,-,-,-,-,-
776,SAX J1806.8-2435,271.711,-24.5910,NULL,NULL,-,-,-,0,0,1,1 (    0)
777,3C 371,271.711,69.8240,7C 180717.90+694858.00,BL Lac,86 ( 2.4),-,6 ( 2.3),-,-,-,-
778,XTE J1807-294,271.744,-29.4160,[KRL2007b] 304,LMXB,-,-,-,0,0,1,1 (    0)
779,1RXS J180724.2+194217,271.850,19.7060,HD 347929,Variable star,-,-,-,0,0,1,1 (    0)
780,MAXI J1807-228,271.960,-22.8000,NULL,NULL,-,-,-,-,-,-,-
781,MAXI J1807+132,272.032,13.2513,NULL,NULL,-,-,-,-,-,-,-
782,SWIFT J1808.4-1754,272.110,-17.9040,NULL,NULL,-,-,-,0,52,10,56791 ( 3390)
783,SAX J1808.4-3658,272.115,-36.9790,V4580 Sgr,LMXB/NS,-,-,-,1,83,43,55868 ( 4313)
784,SGR 1806-20,272.164,-20.4110,CXOU J180839.3-202439,SGR,-,-,-,1,0,3,1 (    0)
785,PSR J1809-2332,272.399,-23.5200,0FGL J1809.5-2331,XRB,-,-,-,-,-,-,-
786,XTE J1810-197,272.463,-19.7310,PSR J1809-1943,Pulsar,-,-,-,0,0,1,1 (    0)
787,XTE J1810-189,272.586,-19.0700,NULL,LMXB/NS,-,-,-,2,108,164,56312 ( 3869)
788,V5855 Sgr,272.618,-27.4997,NULL,NULL,-,-,-,-,-,-,-
789,SAX J1810.8-2609,272.685,-26.1500,V4722 Sgr,LMXB/NS,-,-,-,-,-,-,-
790,XTE J1812-182,273.116,-18.2090,XMMU J181227.8-181234,X-ray transient,-,-,-,0,0,4,1 (    0)
791,0FGL J1813.5-1248,273.350,-12.7670,GRO J1813-12,Pulsar,-,-,-,0,0,2,1 (    0)
792,IGR J18135-1751,273.363,-17.8490,HESS J1813-178,SNR/PWN,-,-,-,1,0,1,1 (    0)
793,MAXI J1813-095,273.391,-9.53340,NULL,NULL,-,-,-,2,97,36,58171 ( 2010)
794,GX 13+1,273.630,-17.1570,V5512 Sgr,LMXB/NS,-,63 ( 2.7),-,20,61,990,57215 ( 2966)
795,4U 1812-12,273.776,-12.0960,,LMXB/NS,-,-,29 ( 3.9),24,94,1460,53787 ( 6394)
796,IGR J18151-1052,273.790,-10.8800,NULL,HMXB,-,-,-,0,0,3,1 (    0)
797,IGR J18159-3353,273.989,-33.8900,NULL,X-ray source,-,-,-,-,-,-,-
798,GX 17+2,274.006,-14.0360,NP Ser,LMXB/NS,124 ( 3.3),91 ( 3.8),89 (13.0),86,251,5173,53536 ( 6645)
799,AM Her,274.055,49.8680,NULL,CV/AM Her,-,-,11 ( 3.7),2,0,4,1 (    0)
800,SWIFT J1816.7-1613,274.178,-16.2230,NULL,XRB/NS,-,-,-,0,38,13,57800 ( 2381)
801,MAXI J1816-195,274.207,-19.6331,NULL,NULL,-,-,-,4,185,12,59737 (  444)
802,IGR J18173-2509,274.342,-25.1440,XMMSL1 J181722.2+250838,CV,-,-,-,1,0,3,1 (    0)
803,IGR J18175-1530,274.393,-15.5110,XTE J1817-155,X-ray source,-,-,-,0,0,2,1 (    0)
804,XTE J1817-330,274.431,-33.0190,,LMXB/BHC,-,-,-,0,151,39,53766 ( 6415)
805,IGR J18179-1621,274.468,-16.3590,NULL,NULL,-,-,-,-,-,-,-
806,XTE J1818-245,274.603,-24.5380,[KRL2007b] 312,LMXB/BHC,-,-,-,0,73,2,53595 ( 6586)
807,SAX J1818.6-1703,274.673,-17.0590,HD 168078,HMXB/SFXT,-,-,-,1,60,15,55139 ( 5042)
808,SAX J1818.7+1424,274.683,14.4030,SAX1818.7+1424,X-ray source,-,-,-,0,0,4,1 (    0)
809,SAX J1819.3-2525,274.840,-25.4070,V4641 Sgr,LMXB/BH,-,-,-,0,158,3,53541 ( 6640)
810,MAXI J1820+070,275.091,7.18563,NULL,NULL,-,-,-,7,4021,168,58200 ( 1981)
811,AX J1820.5-1434,275.123,-14.5730,AXJ1820.5-1434,HMXB,-,-,-,1,0,1,1 (    0)
812,V5856 Sgr,275.218,-28.3700,NULL,NULL,-,50 ( 2.5),-,-,-,-,-
813,SWIFT J1821.8-1348,275.479,-13.7910,XMMSL1 J182155.0-134719,XRB,-,-,-,1,0,3,1 (    0)
814,SWIFT J1822.3-1606,275.575,-16.0740,NULL,NULL,-,-,-,-,-,-,-
815,H 1820-303,275.919,-30.3610,4U 1820-30,LMXB/NS,-,-,49 ( 8.4),55,168,4156,54986 ( 5195)
816,4C 56.27,276.029,56.8504,7C 182315.20+564917.00,BL Lac,-,-,-,0,0,3,1 (    0)
817,XTE J1824-141,276.099,-14.4154,NULL,XRB,-,-,-,-,-,-,-
818,IGR J18245-2452,276.135,-24.8690,NULL,LMXB/NS,-,-,-,-,-,-,-
819,H 1822-000,276.342,-0.0120000,4U 1822-000,LMXB/NS,-,-,-,1,34,2,59734 (  447)
820,4U 1822-371,276.445,-37.1053,V691 CrA,LMXB/NS,-,-,41 ( 7.4),33,56,59,59632 (  549)
821,PSR J1826-1256,276.504,-13.0910,0FGL J1825.9-1256,Pulsar,-,-,-,0,0,1,1 (    0)
822,RX J1826.2-1450,276.563,-14.8480,V479 Sct,HMXB,-,-,-,-,-,-,-
823,IGR J18284-0345,277.125,-3.76200,NULL,X-ray source,-,-,-,-,-,-,-
824,SAX J1828.5-1037,277.141,-10.6170,2XMM J182833.7-103700,LMXB,-,-,-,0,41,1,59734 (  447)
825,MAXI J1828-249,277.244,-25.0290,NULL,NULL,-,-,-,0,0,1,1 (    0)
826,Ginga 1826-238,277.368,-23.7970,V4634 Sgr,LMXB/NS,-,-,16 ( 2.6),-,-,-,-
827,2C 1569,277.382,48.7464,3C 380,Sy1.5/LPQ,-,-,-,0,69,1,59948 (  233)
828,XTE J1829-098,277.436,-9.85500,XGPS-I J182944-095122,X-ray source,-,-,-,-,-,-,-
829,0FGL J1830.3+0617,277.525,6.32100,87GB 182739.9+061706,Quasar,-,-,-,0,89,1,59795 (  386)
830,V3890 Sgr,277.680,-24.0192,NULL,NULL,-,-,-,-,-,-,-
831,IGR J18325-0756,278.125,-7.93300,CXOU J183228.3-075641,X-ray source,275 ( 2.0),-,-,0,0,4,1 (    0)
832,SNR 021.5-00.9,278.390,-10.5690,,SNR,-,-,15 ( 2.0),3,0,4,1 (    0)
833,PKS 1830-211,278.416,-21.0610,QSO B1830-210,Blazar,-,-,-,2,0,3,1 (    0)
834,SGR 1833-0832,278.435,-8.51900,NULL,SGR,-,-,-,0,0,4,1 (    0)
835,BY Dra,278.483,51.7192,NULL,BY Dra variable,-,-,6 ( 2.1),-,-,-,-
836,Swift J1834.9-0846,278.717,-8.76600,0FGL J1834.4-0841,SGR,-,-,15 ( 2.1),0,0,1,1 (    0)
837,4C 32.55,278.764,32.6964,3C 382,Sy1,-,-,-,3,0,7,1 (    0)
838,MAXI J1836-194,278.931,-19.3200,NULL,BHC,-,-,-,1,75,84,55809 ( 4372)
839,XB 1832-330,278.932,-32.9910,RX J1832-33,LMXB/NS,-,-,-,5,71,26,59795 (  386)
840,Sct X-1,279.125,-7.61700,,HMXB,-,-,-,-,-,-,-
841,SWIFT J1836.6+0341,279.164,3.68300,NULL,NULL,-,-,-,0,0,3,1 (    0)
842,NovaSgr 2015_2,279.237,-28.9280,NULL,NULL,-,-,-,-,-,-,-
843,AX J1838.0-0655,279.513,-6.92600,PSR H1838-0655,PSR/PWN,-,-,-,1,0,2,1 (    0)
844,ESO 103-035,279.585,-65.4281,,Sy2,51 ( 2.2),-,-,4,0,3,1 (    0)
845,0FGL J1839.0-0549,279.775,-5.82000,0FGL J1839.0-0549,Gamma-ray source,-,-,-,0,81,4,59795 (  386)
846,PSR J1836+5925,279.854,59.3210,0FGL J1836.2+5924,Pulsar,-,-,-,0,0,1,1 (    0)
847,Ser X-1,279.990,5.03600,MM Ser,LMXB/NS,-,-,26 ( 4.0),18,46,464,56773 ( 3408)
848,IGR J18410-0535,280.252,-5.59600,AX J1841.0-0535,HMXB,-,46 ( 2.5),-,0,38,11,56092 ( 4089)
849,Kes 73,280.331,-4.93600,1E 1841-045,Pulsar,-,-,-,2,0,4,1 (    0)
850,3C 390.3,280.537,79.7710,ICRF J184208.9+794617,Sy1,-,-,6 ( 2.3),3,0,8,1 (    0)
851,SWIFT J1842.5-1124,280.573,-11.4180,,BHC,-,38 ( 2.2),-,1,96,78,54725 ( 5456)
852,SWIFT J1843.5-0343,280.895,-3.71600,NULL,Transient,-,-,-,0,67,8,55228 ( 4953)
853,AX J1845.0-0258,281.222,-2.94500,NULL,HMXB,-,-,-,-,-,-,-
854,ESO 140-43,281.225,-62.3650,Fairall 51,Sy1,-,-,-,-,-,-,-
855,IGR J18450-0435,281.259,-4.56500,AX J1845.0-0433,HMXB,-,-,-,1,37,6,57197 ( 2984)
856,Ginga 1843+00,281.404,0.863000,2MASS J18453684+0051474,HMXB,-,-,-,1,106,64,54902 ( 5279)
857,SWIFT J1845.7-0037,281.478,-0.659000,XMMSL1 J184555.4-003941,NULL,-,-,-,-,-,-,-
858,IGRJ18462-0223,281.567,-2.38700,[KRL2007b] 335,HMXB,-,-,-,0,0,4,1 (    0)
859,AX J1846.4-0258,281.602,-2.97400,AXJ1846.4-0258,Pulsar,-,-,-,1,0,6,1 (    0)
860,IGR J18483-0311,282.071,-3.17200,IGR18483-0311,HMXB/NS,-,-,-,4,59,72,56148 ( 4033)
861,GS 1843-02,282.074,-2.42030,X 1845-024,NULL,-,-,-,2,120,40,57849 ( 2332)
862,TXS 1846+322,282.092,32.3100,0FGL J1847.8+3223,X-ray source,-,-,-,-,-,-,-
863,8C 1849+670,282.317,67.0949,ICRF J184916.0+670541,Sy1,-,17 ( 2.1),-,0,115,2,59947 (  234)
864,EXO 1846-031,282.321,-3.06200,,LMXB/BHC,-,-,-,0,379,33,58697 ( 1484)
865,Swift J185003.2-005627,282.514,-0.940000,NULL,NULL,-,-,-,-,-,-,-
866,2CG 036+01,283.120,3.86700,,Gamma-ray source,-,-,19 ( 2.8),0,0,3,1 (    0)
867,4U 1850-087,283.270,-8.70600,4U 1850-086,LMXB/NS,-,-,-,5,42,7,56726 ( 3455)
868,IGR J18539+0727,283.475,7.45000,[KRL2007b] 343,XRB,-,-,-,0,35,5,54002 ( 6179)
869,4U 1849-31,283.760,-31.1640,V1223 Sgr,CV/DQ Her,-,-,-,7,0,18,1 (    0)
870,XTE J1855-026,283.877,-2.60500,2MASS J18553040-0236167,HMXB/NS,-,41 ( 2.4),18 ( 2.6),10,88,205,58300 ( 1881)
871,2E 1853.7+1534,284.000,15.6369,,Sy1,-,-,-,1,0,7,1 (    0)
872,0FGL J1855.9+0126,284.038,1.37500,SNR G034.6-00.5,SNR,-,-,18 ( 2.6),0,0,5,1 (    0)
873,XTE J1856+053,284.163,5.33000,INTREF 948,LMXB/BHC,-,-,15 ( 2.2),0,69,17,54253 ( 5928)
874,SWIFT J1858.6-0814,284.673,-8.24500,NULL,NULL,-,-,-,4,0,2,1 (    0)
875,XTE J1859+226,284.673,22.6580,V406 Vul,LMXB/BH,-,-,-,0,0,1,1 (    0)
876,XTE J1858+034,284.687,3.43200,[KRL2007b] 348,HMXB,-,-,-,0,105,26,58784 ( 1397)
877,XTE J1859+083,284.770,8.25000,NULL,NULL,-,-,-,3,132,83,57098 ( 3083)
878,HT1900.1-2455,285.036,-24.9205,HETE J1900.1-2455,LMXB/msPSR,-,-,-,17,67,1159,55066 ( 5115)
879,XTE J1901+014,285.421,1.43800,[KRL2007b] 350,XRB,-,-,-,-,-,-,-
880,4U 1901+03,285.914,3.21500,,HMXB,-,-,-,0,216,79,58537 ( 1644)
881,XTE J1906+090,286.198,9.04500,NULL,HMXB,-,-,-,0,0,3,1 (    0)
882,SGR 1900+14,286.809,9.32200,SGR1900+14,SGR,-,-,-,0,0,6,1 (    0)
883,PSR J1907+06,286.918,5.95400,0FGL J1907.5+0602,Pulsar,-,-,-,0,0,5,1 (    0)
884,HR 7275,287.108,52.4258,V1762 Cyg,RS CVn variable,-,-,-,0,0,1,1 (    0)
885,XTE J1908+094,287.221,9.38500,[KRL2007b] 353,HMXB/BHC,-,-,-,0,121,12,56595 ( 3586)
886,H 1907+097,287.408,9.83000,4U 1907+09,HMXB/NS,-,-,-,12,68,323,56689 ( 3492)
887,SWIFT J1910.2-0546,287.595,-5.79900,NULL,NULL,-,-,-,2,126,106,56144 ( 4037)
888,4U 1909+07,287.701,7.59800,4U 1908+075,HMXB/NS,-,-,16 ( 2.5),14,75,284,55151 ( 5030)
889,0FGL J1911.0+0905,287.761,9.08700,0FGL J1911.0+0905,Gamma-ray source,-,-,-,0,0,3,1 (    0)
890,PKS 1908-201,287.790,-20.1100,0FGL J1911.2-2011,Quasar,-,-,-,0,0,3,1 (    0)
891,IGR J19112+1358,287.803,13.9810,NULL,X-ray source,-,-,-,0,0,2,1 (    0)
892,Aql X-1,287.817,0.585000,V1333 Aql,LMXB/NS,-,41 ( 2.6),39 ( 6.0),6,212,454,56457 ( 3724)
893,SS 433,287.956,4.98300,V1343 Aql,uQUASAR,-,-,-,7,32,107,54710 ( 5471)
894,IGR J19140+0951,288.518,9.88300,[KRL2007b] 359,HMXB/NS,-,-,16 ( 2.9),7,80,214,54696 ( 5485)
895,GRS 1915+105,288.798,10.9460,V1487 Aql,LMXB/BH,-,-,-,120,955,4687,58995 ( 1186)
896,4U 1916-053,289.699,-5.23800,V1405 Aql,LMXB/NS,-,-,-,9,31,30,58073 ( 2108)
897,ACO 2319,290.189,43.9619,ABELL 2319,Galaxy cluster,-,-,-,1,0,6,1 (    0)
898,ESO 141-G55,290.300,-58.6670,,Sy1,-,-,-,-,-,-,-
899,SWIFT J1922.7-1716,290.654,-17.2840,SW J1922.7-1716,LMXB/NS,-,-,-,1,35,35,55873 ( 4308)
900,0FGL J1923.0+1411,290.830,14.1560,SNR G049.1-00.1,SNR,-,-,-,0,0,1,1 (    0)
901,TXS 1920-211,290.884,-21.0760,0FGL J1923.3-2101,Quasar,-,-,-,-,-,-,-
902,CH Cyg,291.138,50.2414,HD 182917,Symb/WD,119 ( 2.4),-,10 ( 3.2),1,141,4,59947 (  234)
903,4C 73.18,291.952,73.9671,ICRF J192748.4+735801,BL Lac LPQ,-,-,-,0,0,1,1 (    0)
904,IGR J19294+1816,292.483,18.3110,SWIFT J1929.8+1821,HMXB/SFXT?,-,-,-,1,123,44,58774 ( 1407)
905,MAXI J1932+091,293.293,9.19473,NULL,NULL,-,-,-,-,-,-,-
906,QSO B1936-155,294.861,-15.4286,,Quasar,-,-,-,0,0,1,1 (    0)
907,RX J1940.2-1025,295.048,-10.4240,V1432 Aql,CV/AM Her,-,-,-,2,0,4,1 (    0)
908,1RXS J194211.9+255552,295.550,25.9310,NULL,NULL,-,-,-,-,-,-,-
909,NGC 6814,295.669,-10.3240,,Sy1.5,-,-,-,2,58,4,53536 ( 6645)
910,NovaCyg 2008,295.758,32.3210,NULL,Nova,-,-,-,0,0,2,1 (    0)
911,SWIFT J1943.4+0228,295.892,2.46500,NULL,NULL,-,-,17 ( 2.4),-,-,-,-
912,XTE J1946+274,296.414,27.3650,2MASS J19453935+2721555,XRB,-,-,-,2,164,177,58288 ( 1893)
913,KS 1947+300,297.390,30.2130,2MASS J19493548+3012317,HMXB/NS,-,-,-,2,330,195,56620 ( 3561)
914,V500 Aql,298.116,8.48000,NOVA Aql 1943,Nova,113 ( 2.6),-,-,0,0,1,1 (    0)
915,PSR B1951+32,298.250,32.8830,,Pulsar,118 ( 2.4),-,-,0,0,3,1 (    0)
916,0FGL J1954.4+2838,298.580,28.6020,PSR J1954+2836,Pulsar,-,-,-,0,0,2,1 (    0)
917,SWIFTJ195509.6+261406,298.790,26.2352,,X-ray source,-,26 ( 2.1),-,-,-,-,-
918,4U 1954+31,298.926,32.0970,,HMXB/NS,-,24 ( 2.1),16 ( 4.3),13,198,629,54779 ( 5402)
919,IGRJ19566+0326,299.162,3.44500,MAXI J1957+032,NULL,-,-,-,0,0,2,1 (    0)
920,2CG 065+00,299.250,28.8000,1CG 064+00,Gamma-ray source,-,-,-,0,0,2,1 (    0)
921,Cyg X-1,299.591,35.2020,V1357 Cyg,HMXB/BH,675 (11.4),800 (26.0),864 (82.4),203,1918,6272,60161 (   20)
922,4U 1957+115,299.851,11.7090,V1408 Aql,LMXB,-,40 ( 2.9),-,1,32,6,55636 ( 4545)
923,3C 405.0,299.868,40.7339,Cyg A,Sy2,-,-,-,5,0,10,1 (    0)
924,1ES 1959+650,299.999,65.1490,QSO B1959+650,BL Lac,-,-,-,2,49,10,58008 ( 2173)
925,SWIFT J2000.6+3210,300.091,32.1898,2MASS J20002185+3211232,HMXB,-,-,-,1,73,7,53441 ( 6740)
926,QSO B1958-179,300.238,-17.8160,,Quasar,-,-,-,0,32,3,53433 ( 6748)
927,0FGL J2001.0+4352,300.304,43.8810,87GB 195934.4+434423,BL Lac,-,-,-,0,110,7,53636 ( 6545)
928,Ginga 2000+251,300.707,25.2360,GS 2000+251,LMXB/BH,-,-,-,0,0,2,1 (    0)
929,QSO B2005+40,301.937,40.4968,,Quasar,-,-,-,0,0,1,1 (    0)
930,NGC 6860,302.195,-61.1000,SWIFT J2009.0-6103,Sy1,-,-,-,-,-,-,-
931,PKS 2005-489,302.356,-48.8316,QSO B2005-489,BL Lac,-,-,-,-,-,-,-
932,QSO B2008-159,302.815,-15.7778,[HB89] 2008-159,QSO/FSRQ,-,-,-,0,0,1,1 (    0)
933,XTE J2012+381,303.158,38.1840,INTREF 1012,LMXB/BHC,-,-,-,0,0,3,1 (    0)
934,PMN J2017+0603,304.303,6.05300,0FGL J2017.2+0602,Radio source,-,-,-,-,-,-,-
935,IGR J20187+4041,304.661,40.6830,2MASS J20183873+4041000,Sy2,-,-,-,0,40,3,53636 ( 6545)
936,IGR J20188+3647,304.700,36.7920,NULL,X-ray source,-,-,12 ( 3.2),0,0,2,1 (    0)
937,PSR J2021+3651,305.269,36.8570,0FGL J2020.8+3649,Pulsar,97 ( 2.1),-,-,0,0,3,1 (    0)
938,2CG 075+00,305.333,37.2530,GRO J2021+37,Gamma-ray source,-,-,-,-,-,-,-
939,2CG 078+01,305.370,40.4300,GRO J2019+40,Gamma-ray source,-,-,-,0,0,3,1 (    0)
940,PSR J2021+4026,305.398,40.4390,GRO J2019+40,Gamma-ray source,-,-,-,0,0,1,1 (    0)
941,QSO B2021+614,305.528,61.6163,ICRF J202206.6+613658,Sy2,-,-,-,0,311,4,59947 (  234)
942,Gamma Cyg,305.557,40.2570,SADR,Variable star,-,-,-,0,0,1,1 (    0)
943,4C 31.56,305.829,31.8840,4C +31.56,Radio source,-,-,-,0,0,1,1 (    0)
944,Nova Del 2013,305.878,20.7680,NULL,NULL,-,-,-,-,-,-,-
945,V404 Cyg,306.016,33.8680,,LMXB/BH,-,-,-,0,2760,14,57199 ( 2982)
946,PKS 2023-07,306.419,-7.59800,QSO B2022-077,BL Lac,148 ( 2.9),-,-,0,0,1,1 (    0)
947,0FGL J2027.5+3334,306.882,33.5740,0FGL J2027.5+3334,Gamma-ray source,-,-,-,-,-,-,-
948,V2467 Cyg,307.062,41.8167,NOVA Cyg 2007,Nova,-,-,-,0,0,3,1 (    0)
949,MCG +04-48-002,307.146,25.7336,SWIFT J2028.5+2543,Sy2,-,-,-,2,0,3,1 (    0)
950,1RXS J202945.1+574348,307.438,57.7300,NULL,X-ray source,-,-,-,0,0,3,1 (    0)
951,PSR J2032+41,308.058,41.3760,NULL,NULL,-,-,-,-,-,-,-
952,EXO 2030+375,308.064,37.6370,V2246 Cyg,HMXB/NS,-,-,21 ( 6.2),22,1225,1717,53957 ( 6224)
953,Cyg X-3,308.107,40.9580,V1521 Cyg,HMXB,-,132 (11.0),116 (33.1),118,393,5449,60104 (   77)
954,SWIFT J2037.2+4151,309.274,41.8348,NULL,Transient,-,-,-,0,0,3,1 (    0)
955,VW Cep,309.340,75.6003,HD 197433,Double star,-,-,-,0,0,1,1 (    0)
956,3C 418.0,309.654,51.3202,3C 418,Quasar,-,-,-,0,0,1,1 (    0)
957,AT Mic,310.463,-32.4353,NULL,Flare star,-,-,-,-,-,-,-
958,4C 74.26,310.655,75.1340,87GB 204308.7+745733,Sy1,-,-,-,2,0,8,1 (    0)
959,Mrk 509,311.041,-10.7230,MRK 509,Sy1.2,-,-,-,4,0,3,1 (    0)
960,AU Mic,311.290,-31.3408,NULL,Flare star,-,-,-,0,0,4,1 (    0)
961,BO Mic,311.937,-36.5942,NULL,BY Dra variable,-,-,-,-,-,-,-
962,IC 5063,313.008,-57.0692,,Sy1,-,-,-,2,0,2,1 (    0)
963,2CG 095+04,313.075,55.2000,,Gamma-ray source,-,-,-,0,0,1,1 (    0)
964,V1794 Cyg,313.473,44.3864,NULL,Variable star,-,-,-,0,0,1,1 (    0)
965,0FGL J2055.5+2540,313.953,25.6670,PSR J2055+25,Pulsar,-,-,-,-,-,-,-
966,QSO B2052-474,314.068,-47.2470,PKS 2052-47,Quasar,-,-,-,-,-,-,-
967,SWIFT J2058.4+0516,314.583,5.22600,NULL,NULL,-,-,-,0,0,1,1 (    0)
968,GRO J2058+42,314.750,41.7200,NULL,HMXB,-,-,-,0,232,36,58570 ( 1611)
969,V407 Cyg,315.541,45.7760,NULL,Mira Cet variable,-,39 ( 3.3),-,0,0,3,1 (    0)
970,ER Vul,315.608,27.8075,NULL,W UMa binary,-,-,-,0,0,5,1 (    0)
971,SAX J2103.5+4545,315.899,45.7520,GSC 03588-00834,HMXB,-,-,-,4,174,302,54218 ( 5963)
972,IGR J21117+3427,317.948,34.4620,NULL,X-ray source,-,-,-,0,31,3,53529 ( 6652)
973,S5 2116+81,318.505,82.0800,XSS J21128+8216,Sy1,-,-,-,1,0,2,1 (    0)
974,XTE J2123-058,320.810,-5.79800,LZ Aqr,LMXB,-,-,-,0,0,1,1 (    0)
975,QSO J2123+0535,320.935,5.58947,,Quasar,-,-,-,-,-,-,-
976,IGR J21247+5058,321.164,50.9740,4C 50.55,BL Radio galaxy,-,-,9 ( 2.9),8,0,36,1 (    0)
977,PSR J2124-3358,321.183,-33.9700,0FGL J2124.7-3358,Pulsar,-,-,-,-,-,-,-
978,XB 2127+119,322.493,12.1670,4U 2129+12,LMXB,-,-,-,3,0,3,1 (    0)
979,XB 2129+470,322.859,47.2900,V1727 Cyg,LMXB,-,-,-,0,0,2,1 (    0)
980,QSO B2128-123,322.897,-12.1180,ICRF J213135.2-120704,Sy1,-,-,-,-,-,-,-
981,CTS 109,323.009,-33.7150,6dFGS gJ2132022-334254,Sy1,-,-,-,1,0,2,1 (    0)
982,0ES 2132+50.9,323.432,51.1236,RX J2133.7+5107,CV/DQ Her,-,22 ( 2.0),8 ( 2.6),3,0,6,1 (    0)
983,4C -02.81,323.543,-1.88812,4C -02.81,Quasar,-,-,-,0,34,1,53433 ( 6748)
984,RX J2135.9+4728,323.979,47.4731,2MASX J21355399+4728217,Sy1,-,-,-,0,0,3,1 (    0)
985,QSO B2134+0028,324.161,0.698393,,Quasar,76 ( 2.1),-,-,0,0,2,1 (    0)
986,QSO B2136+1410,324.755,14.3933,OX 161,Quasar,-,-,15 ( 2.4),0,0,2,1 (    0)
987,QSO B2136-428,324.851,-42.5890,0FGL J2139.4-4238,BL Lac,-,-,-,-,-,-,-
988,Ginga 2138+56,324.878,56.9860,V490 Cep,HMXB,-,-,-,0,82,50,56826 ( 3355)
989,1H 2140+433,325.678,43.5860,SS Cyg,CV/Dwarf N,-,39 ( 3.3),-,4,70,94,59257 (  924)
990,OX 169,325.898,17.7300,0FGL J2143.2+1741,Sy1,-,-,-,0,0,1,1 (    0)
991,Cyg X-2,326.172,38.3220,V1341 Cyg,LMXB/NS,-,57 ( 4.8),41 (11.6),38,86,3571,59144 ( 1037)
992,PKS 2144+092,326.792,9.49600,0FGL J2147.1+0931,Quasar,-,-,22 ( 3.3),0,0,1,1 (    0)
993,4C 06.69,327.023,6.96072,PKS 2145+06,Blazar,-,-,-,0,0,3,1 (    0)
994,QSO B2149-306,327.981,-30.4649,SWIFT J2152.0-3030,Blazar,-,-,-,2,0,1,1 (    0)
995,BWE 2155+3112,329.370,31.4500,0FGL J2157.5+3125,Quasar,-,-,-,0,0,3,1 (    0)
996,QSO B2155-152,329.526,-15.0193,,Quasar,-,-,-,-,-,-,-
997,PKS 2155-304,329.725,-30.2170,QSO B2155-304,BL Lac,-,-,-,0,0,1,1 (    0)
998,BWE 2159+5034,330.431,50.8160,87GB 215950.2+503417,Radio source,-,-,-,0,0,2,1 (    0)
999,NGC 7172,330.508,-31.8700,,Sy2,-,-,-,6,0,12,1 (    0)
1000,QSO B2200+420,330.680,42.2778,BL Lacertae,BL Lac,-,-,-,-,-,-,-
1001,4C 31.63,330.812,31.7606,ICRF J220314.9+314538,LPQ,-,-,-,-,-,-,-
1002,QSO B2201+1711,330.862,17.4301,,Quasar,-,-,-,-,-,-,-
1003,HK Lac,331.236,47.2344,NULL,RS CVn variable,-,-,-,-,-,-,-
1004,PKS 2204-54,331.932,-53.7760,0FGL J2207.0-5347,Quasar,67 ( 2.2),-,-,0,0,1,1 (    0)
1005,4U 2206+54,331.984,54.5180,BD+53 2790,HMXB/NS,-,-,7 ( 2.4),4,61,37,57924 ( 2257)
1006,AR Lac,332.170,45.7422,NULL,RS CVn variable,-,-,-,0,85,2,58192 ( 1989)
1007,NGC 7213,332.318,-47.1668,,Sy1.5,-,-,-,-,-,-,-
1008,QSO B2209+184,332.974,18.6976,PG 2209+184,Sy1,-,-,-,0,0,2,1 (    0)
1009,QSO B2209+236,333.025,23.9279,,Quasar,-,-,-,0,0,1,1 (    0)
1010,FO Aqr,334.481,-8.35100,NULL,CV/DQ Her,-,-,-,3,0,5,1 (    0)
1011,4C -03.79,334.717,-3.59358,,Quasar,-,-,-,-,-,-,-
1012,3C 445,335.956,-2.10400,6dFGS gJ222349.5-020613,Sy2,-,-,-,1,0,1,1 (    0)
1013,SAX J2224.9+5421,336.217,54.3650,SAX2224.9+5421,X-ray source,-,-,-,-,-,-,-
1014,4C -05.92,336.447,-4.95039,3C 446,BL Lac,-,-,-,-,-,-,-
1015,PSR J2229+6114,337.271,61.2370,0FGL J2229.0+6114,Pulsar,-,-,-,0,0,2,1 (    0)
1016,QSO B2227-0848,337.417,-8.54845,PKS 2227-088,Quasar,-,-,-,-,-,-,-
1017,4C 11.69,338.152,11.7308,CTA 102,Blazar HP,-,-,-,0,0,1,1 (    0)
1018,NGC 7314,338.942,-26.0505,,Sy1.9,-,-,-,2,0,2,1 (    0)
1019,APG 319,338.966,33.9446,NGC 7317,Interacting galaxies,-,-,-,0,0,3,1 (    0)
1020,PKS 2233-148,339.142,-14.5560,QSO B2233-148,BL Lac,-,-,-,0,0,1,1 (    0)
1021,SWIFT J2242.0+7002,340.511,70.0447,NULL,NULL,-,-,-,-,-,-,-
1022,SWIFT J2243.2-4539,340.843,-45.6910,NULL,NULL,-,-,-,0,0,3,1 (    0)
1023,3C 452,341.455,39.6875,87GB 224331.7+392521,Sy2,-,-,-,0,0,2,1 (    0)
1024,QSO J2246-1206,341.576,-12.1142,,Quasar,160 ( 3.4),-,-,-,-,-,-
1025,EV Lac,341.707,44.3339,NULL,Flare star,-,-,-,-,-,-,-
1026,RX J2248.6-5109,342.172,-51.1650,6dFGS gJ224841.2-510953,Sy1,-,-,-,-,-,-,-
1027,B3 2247+381,342.524,38.4100,87GB 224748.5+380747,BL Lac,-,26 ( 2.2),-,-,-,-,-
1028,IM Peg,343.260,16.8411,NULL,RS CVn variable,-,-,12 ( 2.5),-,-,-,-
1029,3C 454.3,343.490,16.1480,,Blazar,-,42 ( 2.3),-,3,38,14,53501 ( 6680)
1030,QSO B2251-179,343.525,-17.5820,MR 2251-178,Sy1,-,-,-,3,0,3,1 (    0)
1031,AO Psc,343.825,-3.17800,3A 2253-033,CV/DQ Her,-,-,-,2,0,4,1 (    0)
1032,QSO B2255-2814,344.525,-27.9726,ICRF J225805.9-275821,Sy1,-,-,-,-,-,-,-
1033,1E 2259+58.6,345.285,58.8790,2E 4673,HMXB,-,-,-,-,-,-,-
1034,QSO B2300-189,345.760,-18.6903,PKS 2300-18,Sy1,-,-,-,0,50,2,53537 ( 6644)
1035,NGC 7469,345.816,8.87386,,Sy2/LINER,105 ( 3.0),-,-,-,-,-,-
1036,Mrk 926,346.181,-8.68572,,Sy1.5,-,-,-,3,0,3,1 (    0)
1037,KZ And,347.489,47.9583,NULL,BY Dra variable,-,-,-,-,-,-,-
1038,SZ Psc,348.349,2.67556,NULL,RS CVn variable,-,-,-,0,70,2,57037 ( 3144)
1039,NGC 7582,349.598,-42.3710,,Sy2,-,-,-,2,0,2,1 (    0)
1040,NGC 7603,349.736,0.244000,NULL,Sy1.5,-,-,-,-,-,-,-
1041,V368 Cep,349.861,79.0036,NULL,RS CVn variable,-,-,-,0,0,1,1 (    0)
1042,Cas A,350.850,58.8150,,SNR,-,26 ( 2.6),8 ( 2.6),-,-,-,-
1043,2E 2321.4+4154,350.969,42.1819,NULL,BL Lac,-,-,-,-,-,-,-
1044,B3 2322+396,351.324,39.9600,0FGL J2325.3+3959,BL Lac,-,-,-,-,-,-,-
1045,PKS 2325+093,351.890,9.66900,QSO B2325+093,Quasar FS,-,-,-,-,-,-,-
1046,EQ Peg,352.967,19.9370,NULL,Flare star,-,-,-,0,0,1,1 (    0)
1047,V455 And,353.506,39.3620,NULL,Dwarf nova,-,-,-,-,-,-,-
1048,IVS B2331+073,353.553,7.60765,2MASS J23341283+0736274,Quasar,-,-,-,-,-,-,-
1049,Lambda And,354.391,46.4581,NULL,RS CVn variable,-,-,10 ( 3.0),-,-,-,-
1050,PMN J2345-1555,356.302,-15.9190,0FGL J2345.5-1559,Quasar,-,-,-,0,0,1,1 (    0)
1051,1ES 2344+514,356.771,51.7050,QSO B2344+514,BL Lac,-,-,-,0,0,2,1 (    0)
1052,QSO B2345-167,357.011,-16.5200,,Quasar,-,-,-,0,0,2,1 (    0)
1053,HR 9024,357.421,36.4253,OU And,Variable star,-,-,-,0,0,1,1 (    0)
1054,4C 45.51,358.590,45.8845,NULL,Quasar,-,-,-,-,-,-,-
1055,II Peg,358.767,28.6336,NULL,RS CVn variable,-,-,10 ( 2.4),0,0,2,1 (    0)
1056,QSO B2356-309,359.783,-30.6272,H 2356-309,BL Lac,-,-,-,0,0,1,1 (    0)
,Source Name,RA J2000 Degs,Dec J2000 Degs,Alternate Name,Source Type,Today#,Yesterday#,Tenday#,Mean*,Peak*,Days*,Last Day*
